Player,Nation,Pos,Squad,Age,Born,90s,Cmp,Att,Cmp%,TotDist,PrgDist,Cmp,Att,Cmp%,Cmp,Att,Cmp%,Cmp,Att,Cmp%,Ast,xAG,xA,A-xAG,KP,1/3,PPA,CrsPA,PrgP
Brenden Aaronson,us USA,MF,Union Berlin,23-089,2000,4.4,93,120,77.5,1246,337,59,62,95.2,27,37,73.0,2,7,28.6,0,0.3,0.4,-0.3,4,11,0,0,10
Paxten Aaronson,us USA,MF,Eint Frankfurt,20-146,2003,1.1,41,50,82.0,576,71,20,25,80.0,20,22,90.9,0,2,0.0,1,0.1,0.1,+0.9,1,4,2,0,5
Junior Adamu,at AUT,"FW,MF",Freiburg,22-227,2001,1.1,15,25,60.0,154,26,12,13,92.3,1,8,12.5,0,1,0.0,0,0.1,0.0,-0.1,1,0,1,0,1
Sargis Adamyan,am ARM,"FW,MF",Köln,30-241,1993,1.6,28,36,77.8,354,134,16,19,84.2,10,12,83.3,0,1,0.0,1,0.5,0.4,+0.5,3,3,1,0,5
Karim Adeyemi,de GER,"FW,MF",Dortmund,22-001,2002,4.1,86,119,72.3,1184,344,48,60,80.0,28,38,73.7,4,7,57.1,1,0.9,1.0,+0.1,3,6,4,1,13
Amine Adli,ma MAR,"MF,DF",Leverkusen,23-254,2000,2.9,109,141,77.3,1413,396,75,86,87.2,26,33,78.8,3,11,27.3,3,0.6,0.9,+2.4,9,9,4,0,15
Felix Agu,de GER,"MF,DF",Werder Bremen,24-114,1999,3.1,90,128,70.3,1381,539,49,63,77.8,34,41,82.9,6,12,50.0,0,0.1,0.4,-0.1,3,3,6,2,10
Ludovic Ajorque,fr FRA,FW,Mainz 05,29-328,1994,9.8,189,257,73.5,2621,287,102,133,76.7,56,77,72.7,11,14,78.6,0,0.7,1.2,-0.7,11,10,1,0,11
Kevin Akpoguma,ng NGA,DF,Hoffenheim,28-275,1995,6.4,293,347,84.4,5476,1932,118,131,90.1,136,151,90.1,35,54,64.8,0,0.1,0.3,-0.1,2,36,0,0,31
Faride Alidou,de GER,"FW,MF",Köln,22-185,2001,3.2,61,84,72.6,886,168,33,41,80.5,22,27,81.5,3,8,37.5,0,0.1,0.4,-0.1,2,3,2,1,10
Nadiem Amiri,de GER,"MF,FW",Leverkusen,27-084,1996,0.2,13,18,72.2,182,52,5,5,100.0,5,7,71.4,1,1,100.0,0,0.0,0.0,0.0,0,1,0,0,3
Kofi Amoako,de GER,MF,Wolfsburg,18-258,2005,0.0,0,0,,0,0,0,0,,0,0,,0,0,,0,0.0,0.0,0.0,0,0,0,0,0
Robert Andrich,de GER,"MF,DF",Leverkusen,29-119,1994,4.7,345,385,89.6,5127,1849,192,201,95.5,127,142,89.4,16,22,72.7,0,0.0,0.2,0.0,0,18,1,0,14
Waldemar Anton,de GER,DF,Stuttgart,27-183,1996,16.6,1213,1371,88.5,22075,7755,439,464,94.6,688,735,93.6,73,143,51.0,1,0.2,0.7,+0.8,3,99,2,0,107
Christopher Antwi-Adjei,gh GHA,"FW,MF",Bochum,29-346,1994,8.0,165,265,62.3,2638,916,91,107,85.0,50,83,60.2,20,50,40.0,1,2.5,2.3,-1.5,15,6,11,4,17
Maximilian Arnold,de GER,MF,Wolfsburg,29-237,1994,11.9,530,651,81.4,10380,2936,201,222,90.5,246,283,86.9,76,127,59.8,0,1.5,1.3,-1.5,17,67,9,1,59
Arthur,br BRA,DF,Leverkusen,20-308,2003,0.4,20,22,90.9,341,56,11,11,100.0,4,5,80.0,4,4,100.0,0,0.0,0.0,0.0,0,1,1,0,2
Takuma Asano,jp JPN,"FW,MF",Bochum,29-070,1994,13.1,135,202,66.8,1792,435,90,114,78.9,34,50,68.0,4,11,36.4,1,0.9,0.5,+0.1,13,11,7,0,22
Noah Atubolu,de GER,GK,Freiburg,21-239,2002,17.0,496,690,71.9,14081,10293,85,87,97.7,246,250,98.4,165,352,46.9,0,0.0,0.0,0.0,0,10,0,0,1
Matthias Bader,de GER,"DF,MF",Darmstadt 98,26-216,1997,10.3,345,471,73.2,6315,1963,143,172,83.1,165,203,81.3,34,68,50.0,1,2.0,2.7,-1.0,13,18,15,4,35
Ridle Baku,de GER,"DF,MF",Wolfsburg,25-286,1998,10.3,436,567,76.9,7042,2201,215,244,88.1,178,229,77.7,35,67,52.2,0,1.6,1.6,-1.6,14,28,14,8,41
Samuel Bamba,de GER,FW,Dortmund,19-340,2004,0.5,14,20,70.0,207,42,11,12,91.7,1,2,50.0,2,4,50.0,0,0.1,0.1,-0.1,1,0,1,0,2
Aymen Barkok,ma MAR,"MF,FW",Mainz 05,25-243,1998,3.6,118,184,64.1,1842,639,64,90,71.1,39,59,66.1,9,20,45.0,0,0.3,0.6,-0.3,5,11,4,1,16
Leandro Barreiro Martins,lu LUX,MF,Mainz 05,24-016,2000,14.0,373,496,75.2,6036,1734,179,224,79.9,156,197,79.2,29,45,64.4,0,0.5,0.5,-0.5,9,41,7,2,48
Daniel Batz,de GER,GK,Mainz 05,33-007,1991,4.0,104,153,68.0,2854,2094,18,19,94.7,53,55,96.4,33,79,41.8,0,0.0,0.0,0.0,0,5,0,0,0
Maximilian Bauer,de GER,DF,Augsburg,23-344,2000,5.5,243,286,85.0,4454,1497,84,93,90.3,141,156,90.4,14,30,46.7,0,0.0,0.0,0.0,0,10,0,0,11
Elias Baum,de GER,"MF,DF",Eint Frankfurt,18-085,2005,0.2,7,10,70.0,113,69,3,5,60.0,4,5,80.0,0,0,,0,0.0,0.0,0.0,0,0,0,0,0
Oliver Baumann,de GER,GK,Hoffenheim,33-231,1990,17.0,509,693,73.4,14132,10445,95,96,99.0,247,248,99.6,164,344,47.7,1,0.1,0.1,+0.9,1,13,0,0,0
Christoph Baumgartner,at AUT,MF,RB Leipzig,24-171,1999,7.6,208,277,75.1,2950,856,112,136,82.4,74,89,83.1,10,16,62.5,1,1.0,1.1,0.0,12,24,8,1,36
Ihlas Bebou,tg TOG,"FW,DF",Hoffenheim,29-271,1994,8.1,167,241,69.3,2460,838,92,116,79.3,57,81,70.4,8,18,44.4,0,0.2,0.5,-0.2,5,6,4,0,18
Adrian Beck,de GER,MF,Heidenheim,26-224,1997,6.8,183,246,74.4,2861,533,96,120,80.0,68,81,84.0,12,19,63.2,1,0.7,0.4,+0.3,8,11,2,0,10
Sheraldo Becker,sr SUR,"FW,MF",Union Berlin,28-344,1995,7.2,183,280,65.4,3161,770,92,117,78.6,70,108,64.8,18,36,50.0,1,1.8,1.6,-0.8,12,15,12,7,20
Donny van de Beek,nl NED,FW,Eint Frankfurt,26-276,1997,0.7,12,16,75.0,157,33,7,8,87.5,2,2,100.0,1,3,33.3,0,0.0,0.1,0.0,1,1,0,0,0
Kevin Behrens,de GER,FW,Union Berlin,32-350,1991,12.3,185,291,63.6,2934,737,96,135,71.1,61,88,69.3,19,29,65.5,0,0.8,1.1,-0.8,15,21,7,0,41
Maximilian Beier,de GER,FW,Hoffenheim,21-094,2002,11.4,125,194,64.4,1546,288,74,97,76.3,33,55,60.0,3,8,37.5,0,0.3,0.6,-0.3,6,2,9,1,15
Stefan Bell,de GER,DF,Mainz 05,32-148,1991,7.4,297,370,80.3,5526,2509,122,137,89.1,141,163,86.5,31,60,51.7,0,0.1,0.3,-0.1,1,16,3,1,23
Ramy Bensebaini,dz ALG,DF,Dortmund,28-278,1995,11.1,690,832,82.9,11276,3543,338,376,89.9,294,333,88.3,43,76,56.6,0,0.4,0.9,-0.4,6,62,9,1,74
Mergim Berisha,de GER,FW,Hoffenheim,25-253,1998,1.6,22,33,66.7,290,91,11,15,73.3,7,10,70.0,1,2,50.0,0,0.3,0.1,-0.3,2,2,1,0,3
Mergim Berisha,de GER,FW,Augsburg,25-253,1998,1.4,10,14,71.4,142,73,6,8,75.0,2,3,66.7,1,1,100.0,0,0.1,0.1,-0.1,2,1,1,1,1
Bernardo,br BRA,DF,Bochum,28-250,1995,17.0,604,820,73.7,11199,4269,247,297,83.2,283,350,80.9,63,136,46.3,0,0.3,0.3,-0.3,7,50,5,2,47
Matúš Bero,sk SVK,"MF,FW",Bochum,28-135,1995,7.4,143,198,72.2,2105,606,80,100,80.0,49,62,79.0,8,21,38.1,0,0.5,0.4,-0.5,4,9,3,1,11
Jan-Niklas Beste,de GER,"FW,MF",Heidenheim,25-015,1999,14.0,250,431,58.0,4705,1973,116,146,79.5,72,125,57.6,50,117,42.7,7,3.0,2.9,+4.0,34,10,10,4,25
Tom Bischof,de GER,"MF,FW",Hoffenheim,18-205,2005,1.6,65,81,80.2,1124,461,32,38,84.2,26,29,89.7,5,8,62.5,1,0.7,0.6,+0.3,4,11,2,1,15
Leonardo Bittencourt,de GER,MF,Werder Bremen,30-031,1993,9.3,318,398,79.9,5209,1230,155,174,89.1,131,155,84.5,26,50,52.0,1,1.2,1.4,-0.2,9,25,8,2,38
Janis Blaswich,de GER,GK,RB Leipzig,32-262,1991,17.0,685,788,86.9,15716,8402,150,153,98.0,397,401,99.0,137,231,59.3,0,0.1,0.1,-0.1,1,9,0,0,3
Victor Boniface,ng NGA,FW,Leverkusen,23-027,2000,14.2,225,315,71.4,3242,647,123,161,76.4,75,89,84.3,13,21,61.9,7,3.6,2.9,+3.4,20,12,11,0,29
Leonardo Bonucci,it ITA,DF,Union Berlin,36-263,1987,5.1,190,248,76.6,4063,1911,51,58,87.9,105,118,89.0,31,67,46.3,0,0.3,0.1,-0.3,2,17,2,1,21
Yvandro Borges Sanches,lu LUX,"MF,FW",M'Gladbach,19-240,2004,0.2,7,11,63.6,127,10,4,5,80.0,2,3,66.7,1,1,100.0,0,0.0,0.0,0.0,0,2,0,0,0
Sebastiaan Bornauw,be BEL,DF,Wolfsburg,24-303,1999,6.4,300,341,88.0,5776,1953,95,104,91.3,177,187,94.7,28,48,58.3,0,0.0,0.1,0.0,0,13,0,0,17
Rafael Borré,co COL,FW,Werder Bremen,28-126,1995,10.0,206,272,75.7,3133,626,126,151,83.4,61,78,78.2,11,17,64.7,0,1.8,1.9,-1.8,13,19,8,3,25
Julian Brandt,de GER,"MF,FW",Dortmund,27-262,1996,14.1,532,689,77.2,8940,2331,262,305,85.9,173,211,82.0,71,119,59.7,7,6.5,4.9,+0.5,48,28,19,7,55
Tim Breithaupt,de GER,MF,Augsburg,21-346,2002,2.9,76,99,76.8,1148,302,37,47,78.7,35,39,89.7,2,7,28.6,0,0.0,0.1,0.0,1,5,1,0,3
Maximilian Breunig,de GER,FW,Freiburg,23-158,2000,0.1,0,0,,0,0,0,0,,0,0,,0,0,,0,0.0,0.0,0.0,0,0,0,0,0
John Brooks,us USA,DF,Hoffenheim,30-356,1993,12.0,482,583,82.7,10069,4178,139,152,91.4,267,301,88.7,71,115,61.7,0,0.1,0.2,-0.1,2,37,2,1,39
Moritz Broschinski,de GER,"FW,MF",Bochum,23-118,2000,3.4,25,40,62.5,370,88,16,23,69.6,7,10,70.0,2,4,50.0,0,0.1,0.1,-0.1,3,3,3,1,4
Alexander Brunst,de GER,GK,Darmstadt 98,28-196,1995,1.0,22,47,46.8,904,772,1,1,100.0,9,9,100.0,12,37,32.4,0,0.0,0.0,0.0,0,3,0,0,0
Marius Bülter,de GER,"FW,DF",Hoffenheim,30-296,1993,9.6,296,429,69.0,5183,1852,136,158,86.1,125,175,71.4,30,66,45.5,3,2.3,3.0,+0.7,15,21,14,8,31
Jonathan Burkardt,de GER,"MF,FW",Mainz 05,23-192,2000,2.9,40,64,62.5,612,166,22,31,71.0,12,21,57.1,4,5,80.0,0,0.0,0.0,0.0,0,3,1,0,6
Oliver Burke,sct SCO,FW,Werder Bremen,26-287,1997,0.4,6,12,50.0,98,18,2,4,50.0,4,6,66.7,0,1,0.0,0,0.0,0.0,0.0,0,0,0,0,0
Marnon Busch,de GER,DF,Heidenheim,29-042,1994,4.2,185,256,72.3,3566,1321,79,91,86.8,79,105,75.2,25,46,54.3,0,0.2,0.4,-0.2,4,24,7,2,22
Aurélio Buta,pt POR,"DF,MF",Eint Frankfurt,26-343,1997,10.8,482,613,78.6,6936,2433,275,322,85.4,163,204,79.9,23,45,51.1,1,0.7,1.3,+0.3,7,35,22,4,48
Jamie Bynoe-Gittens,eng ENG,"FW,DF",Dortmund,19-164,2004,5.0,114,155,73.5,1607,294,75,90,83.3,33,41,80.5,6,12,50.0,2,0.9,0.8,+1.1,7,5,10,0,12
Anthony Caci,fr FRA,DF,Mainz 05,26-202,1997,13.8,556,769,72.3,11402,4476,203,246,82.5,255,326,78.2,93,166,56.0,0,0.5,0.9,-0.5,6,47,17,4,63
Emre Can,de GER,"MF,DF",Dortmund,30-007,1994,11.6,632,739,85.5,11683,3510,246,279,88.2,317,347,91.4,61,90,67.8,2,1.3,0.7,+0.7,15,63,2,0,63
Irvin Cardona,fr FRA,"MF,DF",Augsburg,26-164,1997,0.6,8,15,53.3,132,70,4,4,100.0,4,9,44.4,0,1,0.0,0,0.0,0.1,0.0,0,1,0,0,2
Rasmus Carstensen,dk DEN,"DF,FW",Köln,23-100,2000,12.7,416,592,70.3,6163,2334,232,278,83.5,165,219,75.3,12,46,26.1,0,1.1,2.3,-1.1,11,14,14,6,39
Fabio Carvalho,pt POR,MF,RB Leipzig,21-142,2002,1.8,72,92,78.3,855,219,54,60,90.0,14,21,66.7,2,5,40.0,0,0.2,0.2,-0.2,2,6,6,1,9
Koen Casteels,be BEL,GK,Wolfsburg,31-208,1992,14.0,394,525,75.0,11994,8463,52,52,100.0,185,188,98.4,156,282,55.3,0,0.2,0.0,-0.2,1,13,0,0,1
Václav Černý,cz CZE,"FW,MF",Wolfsburg,26-094,1997,6.8,157,228,68.9,2215,791,97,113,85.8,40,65,61.5,9,25,36.0,1,0.5,1.5,+0.5,10,15,14,1,22
Julian Chabot,de GER,DF,Köln,25-341,1998,14.4,739,862,85.7,13632,4982,281,308,91.2,393,426,92.3,59,114,51.8,0,0.1,0.2,-0.1,3,38,1,1,35
Fares Chaïbi,dz ALG,"MF,FW",Eint Frankfurt,21-052,2002,10.4,277,434,63.8,4194,1217,162,203,79.8,84,127,66.1,20,63,31.7,2,2.8,2.2,-0.8,18,32,12,2,41
Fabio Chiarodia,it ITA,"DF,MF",M'Gladbach,18-228,2005,0.7,23,31,74.2,389,193,11,14,78.6,10,12,83.3,2,5,40.0,0,0.0,0.0,0.0,0,2,0,0,2
Kingsley Coman,fr FRA,FW,Bayern Munich,27-220,1996,9.5,364,448,81.3,5792,1094,187,220,85.0,148,164,90.2,19,33,57.6,3,3.6,3.7,-0.6,24,11,27,7,45
Bambasé Conté,de GER,"FW,MF",Hoffenheim,20-196,2003,0.0,8,10,80.0,98,18,5,5,100.0,3,4,75.0,0,1,0.0,0,0.0,0.0,0.0,0,2,0,0,1
Danny da Costa,de GER,DF,Mainz 05,30-190,1993,8.1,272,408,66.7,4702,2106,127,156,81.4,107,164,65.2,30,60,50.0,1,0.7,1.0,+0.3,8,23,12,6,38
Nicolas Cozza,fr FRA,DF,Wolfsburg,25-011,1999,3.1,147,192,76.6,2373,782,76,88,86.4,61,79,77.2,8,18,44.4,0,0.1,0.2,-0.1,2,19,2,2,16
Tomáš Čvančara,cz CZE,FW,M'Gladbach,23-159,2000,7.1,99,144,68.8,1248,295,66,90,73.3,29,36,80.6,2,2,100.0,1,0.7,0.7,+0.3,5,5,2,0,10
Finn Dahmen,de GER,GK,Augsburg,25-298,1998,17.0,591,779,75.9,16046,10406,99,100,99.0,328,334,98.2,163,340,47.9,0,0.1,0.2,-0.1,1,30,1,0,2
Lukas Daschner,de GER,"MF,FW",Bochum,25-110,1998,3.4,62,99,62.6,845,284,32,43,74.4,22,33,66.7,2,9,22.2,1,0.8,0.9,+0.2,6,3,4,1,10
David Datro Fofana,ci CIV,"FW,MF",Union Berlin,21-028,2002,7.6,106,152,69.7,1536,346,65,83,78.3,25,39,64.1,9,10,90.0,0,0.3,0.3,-0.3,5,5,8,2,14
Alphonso Davies,ca CAN,DF,Bayern Munich,23-078,2000,13.1,872,986,88.4,12671,3136,514,565,91.0,320,344,93.0,18,35,51.4,3,1.6,2.1,+1.4,25,55,21,5,67
Olivier Deman,be BEL,DF,Werder Bremen,23-288,2000,9.3,350,459,76.3,6307,1972,152,171,88.9,151,186,81.2,41,75,54.7,1,0.5,0.8,+0.5,9,22,8,4,29
Ermedin Demirović,ba BIH,"MF,FW",Augsburg,25-300,1998,16.2,188,310,60.6,2490,645,110,162,67.9,55,78,70.5,8,12,66.7,5,2.3,2.4,+2.7,16,22,7,1,28
Sepp van den Berg,nl NED,DF,Mainz 05,22-030,2001,14.5,660,816,80.9,12241,4074,225,258,87.2,370,438,84.5,55,94,58.5,0,0.0,0.1,0.0,1,56,1,0,61
Justin Diehl,de GER,FW,Köln,19-053,2004,0.3,8,14,57.1,192,55,3,5,60.0,2,3,66.7,3,5,60.0,0,0.1,0.1,-0.1,2,0,0,0,0
Florian Dietz,de GER,FW,Köln,25-169,1998,0.5,9,13,69.2,95,11,9,9,100.0,0,1,0.0,0,0,,0,0.0,0.0,0.0,0,0,0,0,0
Junior Dina Ebimbe,fr FRA,"MF,DF",Eint Frankfurt,23-059,2000,11.4,377,492,76.6,6030,1761,192,225,85.3,143,181,79.0,28,39,71.8,1,1.6,1.6,-0.6,11,41,5,1,48
Eren Dinkçi,de GER,"MF,FW",Heidenheim,22-037,2001,14.3,234,380,61.6,3736,1228,118,165,71.5,85,119,71.4,20,40,50.0,0,1.3,1.6,-1.3,17,27,14,4,46
Ritsu Doan,jp JPN,"MF,FW",Freiburg,25-217,1998,11.8,224,323,69.3,3203,1125,148,176,84.1,59,89,66.3,13,35,37.1,0,0.9,1.3,-0.9,14,25,5,1,29
Danilho Doekhi,nl NED,DF,Union Berlin,25-203,1998,8.0,292,350,83.4,5787,2487,95,102,93.1,157,178,88.2,35,60,58.3,0,0.1,0.3,-0.1,1,39,6,1,31
Niklas Dorsch,de GER,MF,Augsburg,26-004,1998,12.7,446,514,86.8,8090,1954,184,199,92.5,217,235,92.3,40,66,60.6,0,0.0,0.2,0.0,1,33,1,1,39
Nikola Dovedan,at AUT,"MF,FW",Heidenheim,29-197,1994,2.7,42,70,60.0,737,260,17,21,81.0,20,27,74.1,2,10,20.0,0,0.1,0.3,-0.1,3,3,2,0,10
Damion Downs,de GER,"FW,MF",Köln,19-197,2004,0.3,7,10,70.0,66,10,4,5,80.0,1,1,100.0,0,0,,0,0.0,0.0,0.0,0,0,0,0,0
Dion Drena Beljo,hr CRO,"FW,MF",Augsburg,21-324,2002,4.5,80,111,72.1,1204,235,37,50,74.0,33,43,76.7,3,4,75.0,0,0.3,0.6,-0.3,4,4,7,1,11
Marvin Ducksch,de GER,FW,Werder Bremen,29-318,1994,15.1,281,490,57.3,4954,1609,133,185,71.9,100,162,61.7,40,101,39.6,4,3.8,2.8,+0.2,31,18,12,1,46
Maximilian Eggestein,de GER,MF,Freiburg,27-042,1996,16.5,565,700,80.7,9289,2645,268,306,87.6,256,285,89.8,33,51,64.7,0,0.9,0.9,-0.9,8,47,11,0,87
Lilian Egloff,de GER,"MF,DF",Stuttgart,21-152,2002,1.2,32,41,78.0,481,131,16,17,94.1,11,15,73.3,2,4,50.0,0,0.0,0.0,0.0,0,2,0,0,2
Elif Elmas,mk MKD,DF,RB Leipzig,24-117,1999,0.0,3,3,100.0,48,19,0,0,,3,3,100.0,0,0,,0,0.0,0.0,0.0,0,0,1,0,1
Nico Elvedi,ch SUI,DF,M'Gladbach,27-111,1996,12.9,707,807,87.6,12409,3728,286,313,91.4,375,403,93.1,39,70,55.7,1,0.1,0.2,+0.9,3,39,1,1,47
Arne Engels,be BEL,"MF,DF",Augsburg,20-133,2003,7.7,188,290,64.8,3388,1313,85,101,84.2,77,108,71.3,21,59,35.6,0,0.7,1.1,-0.7,12,14,9,2,17
Ohis Felix Uduokhai,de GER,DF,Augsburg,26-132,1997,15.5,657,801,82.0,12052,4467,259,286,90.6,330,367,89.9,59,127,46.5,0,0.3,0.6,-0.3,3,29,2,0,43
Edimilson Fernandes,ch SUI,DF,Mainz 05,27-279,1996,10.7,497,643,77.3,10605,4186,168,189,88.9,240,268,89.6,85,170,50.0,2,0.7,1.8,+1.3,17,44,10,3,42
Nacho Ferri,es ESP,"FW,MF",Eint Frankfurt,19-106,2004,0.6,8,15,53.3,89,37,7,9,77.8,1,4,25.0,0,1,0.0,0,0.0,0.0,0.0,0,1,0,0,2
Max Finkgräfe,de GER,"DF,MF",Köln,19-298,2004,4.1,129,179,72.1,1930,561,72,91,79.1,53,66,80.3,2,10,20.0,0,0.3,0.2,-0.3,7,10,2,1,7
Jonas Föhrenbach,de GER,DF,Heidenheim,27-358,1996,15.1,503,703,71.6,9712,4208,189,231,81.8,247,310,79.7,62,126,49.2,0,0.5,0.7,-0.5,10,31,11,6,42
Emil Forsberg,se SWE,"MF,FW",RB Leipzig,32-088,1991,5.2,163,199,81.9,2572,551,95,107,88.8,54,60,90.0,12,17,70.6,1,0.9,0.4,+0.1,6,14,3,0,22
Philipp Förster,de GER,"MF,FW",Bochum,28-349,1995,2.5,87,115,75.7,1476,496,43,53,81.1,29,43,67.4,12,14,85.7,0,0.3,0.5,-0.3,5,8,5,3,14
Bartol Franjić,hr CRO,MF,Darmstadt 98,24-005,2000,7.0,267,308,86.7,4751,1014,112,129,86.8,127,137,92.7,23,32,71.9,1,0.2,0.3,+0.8,1,24,2,1,27
Marco Friedl,at AUT,DF,Werder Bremen,25-309,1998,12.4,510,598,85.3,10662,3388,132,145,91.0,305,325,93.8,70,115,60.9,0,0.0,0.2,0.0,0,26,3,1,30
Marvin Friedrich,de GER,DF,M'Gladbach,28-037,1995,6.4,291,357,81.5,4970,1902,122,130,93.8,154,172,89.5,12,47,25.5,0,0.1,0.1,-0.1,3,12,0,0,16
Jeremie Frimpong,nl NED,DF,Leverkusen,23-040,2000,15.6,506,665,76.1,6914,1495,344,398,86.4,133,185,71.9,18,33,54.5,6,4.0,3.6,+2.0,32,17,21,5,31
Chris Führich,de GER,"FW,MF",Stuttgart,26-010,1998,14.9,593,728,81.5,7979,2097,369,407,90.7,157,196,80.1,27,59,45.8,5,5.0,4.4,0.0,31,32,26,4,58
Niclas Füllkrug,de GER,FW,Werder Bremen,30-344,1993,2.0,48,66,72.7,799,274,27,33,81.8,15,22,68.2,6,7,85.7,0,0.3,0.4,-0.3,2,7,2,0,9
Niclas Füllkrug,de GER,FW,Dortmund,30-344,1993,12.1,178,285,62.5,2224,514,112,166,67.5,39,59,66.1,9,14,64.3,5,2.3,1.9,+2.7,18,13,6,0,20
Cristian Gamboa,cr CRC,DF,Bochum,34-087,1989,11.3,295,404,73.0,5398,2088,126,145,86.9,127,163,77.9,36,80,45.0,1,0.3,0.7,+0.7,8,24,11,5,29
Yannick Gerhardt,de GER,"MF,FW",Wolfsburg,29-312,1994,7.7,191,254,75.2,2820,637,91,112,81.3,74,97,76.3,8,13,61.5,0,0.1,0.6,-0.1,4,14,2,1,13
Anwar El Ghazi,nl NED,"MF,DF",Mainz 05,28-261,1995,0.6,15,22,68.2,203,47,9,12,75.0,3,6,50.0,1,1,100.0,1,0.2,0.0,+0.8,2,1,0,0,4
Benedikt Gimber,de GER,DF,Heidenheim,26-334,1997,7.7,223,277,80.5,4789,1248,52,61,85.2,135,152,88.8,36,56,64.3,1,0.5,0.6,+0.5,2,4,0,0,8
Matthias Ginter,de GER,DF,Freiburg,30-000,1994,15.3,822,986,83.4,15552,5375,270,298,90.6,488,546,89.4,60,125,48.0,2,1.4,1.4,+0.6,5,69,8,2,111
Klaus Gjasula,al ALB,"DF,MF",Darmstadt 98,34-036,1989,7.0,329,400,82.3,6707,3142,108,120,90.0,163,190,85.8,51,79,64.6,0,0.1,0.5,-0.1,3,35,7,2,39
Serge Gnabry,de GER,"FW,MF",Bayern Munich,28-189,1995,2.5,84,97,86.6,1176,230,53,56,94.6,23,27,85.2,4,5,80.0,0,0.5,0.7,-0.5,5,5,4,0,10
Leon Goretzka,de GER,MF,Bayern Munich,28-347,1995,9.4,503,566,88.9,7784,1997,266,290,91.7,197,217,90.8,28,36,77.8,2,1.7,2.4,+0.3,8,57,14,0,56
Robin Gosens,de GER,"DF,MF",Union Berlin,29-198,1994,10.8,391,526,74.3,6383,2745,201,240,83.8,151,197,76.6,33,62,53.2,0,1.3,1.2,-1.3,12,40,13,10,48
Mario Götze,de GER,MF,Eint Frankfurt,31-230,1992,9.6,399,523,76.3,6043,1719,228,264,86.4,127,164,77.4,30,54,55.6,1,1.4,1.4,-0.4,13,34,18,2,47
Jeffrey Gouweleeuw,nl NED,DF,Augsburg,32-193,1991,13.0,534,681,78.4,11476,4939,154,168,91.7,293,333,88.0,84,159,52.8,0,0.6,0.5,-0.6,4,66,7,0,63
Jens Grahl,de GER,GK,Eint Frankfurt,35-119,1988,1.0,26,45,57.8,643,449,6,6,100.0,16,16,100.0,4,23,17.4,1,0.2,0.0,+0.8,1,2,0,0,0
Ryan Gravenberch,nl NED,FW,Bayern Munich,21-248,2002,0.1,5,7,71.4,83,25,2,2,100.0,3,3,100.0,0,0,,0,0.2,0.1,-0.2,2,0,0,0,1
Michael Gregoritsch,at AUT,FW,Freiburg,29-276,1994,7.4,89,155,57.4,1280,289,58,94,61.7,26,41,63.4,3,5,60.0,1,0.5,0.5,+0.5,7,3,8,2,15
Vincenzo Grifo,it ITA,"MF,FW",Freiburg,30-287,1993,13.1,488,689,70.8,8788,2572,222,272,81.6,186,244,76.2,65,136,47.8,5,4.4,3.5,+0.6,34,45,17,6,50
Florian Grillitsch,at AUT,"MF,DF",Hoffenheim,28-165,1995,9.6,439,521,84.3,8104,2845,188,213,88.3,200,228,87.7,46,63,73.0,1,0.5,0.7,+0.5,6,58,12,2,57
Álex Grimaldo,es ESP,DF,Leverkusen,28-121,1995,16.9,930,1124,82.7,12882,3390,603,645,93.5,258,313,82.4,38,89,42.7,6,3.4,3.9,+2.6,31,41,32,6,72
Christian Groß,de GER,"MF,DF",Werder Bremen,34-345,1989,5.1,205,251,81.7,3668,1362,69,85,81.2,126,143,88.1,8,16,50.0,1,0.2,0.2,+0.8,5,18,2,1,23
Brajan Gruda,de GER,"MF,FW",Mainz 05,19-233,2004,9.2,218,348,62.6,3567,1230,103,134,76.9,87,130,66.9,19,59,32.2,1,1.6,2.0,-0.6,24,23,16,1,38
Ilia Gruev,bg BUL,MF,Werder Bremen,23-258,2000,0.0,1,1,100.0,13,14,1,1,100.0,0,0,,0,0,,0,0.0,0.0,0.0,0,0,0,0,0
Raphaël Guerreiro,pt POR,"MF,DF",Bayern Munich,30-028,1993,4.2,214,246,87.0,2942,833,140,148,94.6,59,66,89.4,9,17,52.9,0,0.0,0.6,0.0,1,12,6,1,19
Josuha Guilavogui,fr FRA,DF,Mainz 05,33-122,1990,0.3,13,16,81.3,225,47,2,3,66.7,10,12,83.3,0,0,,0,0.0,0.0,0.0,0,1,0,0,1
Serhou Guirassy,gn GUI,FW,Stuttgart,27-313,1996,11.7,292,357,81.8,3479,564,192,214,89.7,62,76,81.6,8,10,80.0,1,3.5,2.6,-2.5,24,17,9,0,22
Manuel Gulde,de GER,DF,Freiburg,32-341,1991,9.0,434,503,86.3,8283,2340,136,154,88.3,251,274,91.6,42,63,66.7,0,0.1,0.4,-0.1,1,28,4,1,29
Robert Gumny,pl POL,DF,Augsburg,25-229,1998,5.2,128,182,70.3,2448,1150,48,64,75.0,62,89,69.7,15,21,71.4,0,0.1,0.1,-0.1,2,7,1,1,17
Christian Günter,de GER,DF,Freiburg,30-325,1993,1.0,34,42,81.0,559,162,16,17,94.1,15,18,83.3,3,5,60.0,0,0.6,0.4,-0.6,2,1,2,1,3
Janik Haberer,de GER,MF,Union Berlin,29-292,1994,9.6,296,386,76.7,4613,1038,158,192,82.3,107,128,83.6,18,38,47.4,0,0.1,0.6,-0.1,4,15,3,2,35
Robin Hack,de GER,"FW,MF",M'Gladbach,25-145,1998,4.7,118,165,71.5,1735,466,68,82,82.9,37,50,74.0,8,16,50.0,2,0.9,0.5,+1.1,5,12,5,2,14
Amadou Haidara,ml MLI,MF,RB Leipzig,25-353,1998,7.1,341,404,84.4,5632,2051,166,190,87.4,142,159,89.3,25,35,71.4,0,0.8,0.9,-0.8,9,49,12,0,56
Sébastien Haller,ci CIV,FW,Dortmund,29-211,1994,4.0,68,102,66.7,930,205,42,59,71.2,19,27,70.4,2,2,100.0,0,0.6,0.8,-0.6,4,8,1,0,10
Andreas Hanche-Olsen,no NOR,DF,Mainz 05,27-002,1997,0.7,18,26,69.2,351,98,4,6,66.7,13,15,86.7,1,5,20.0,0,0.0,0.0,0.0,0,0,0,0,0
Genki Haraguchi,jp JPN,MF,Stuttgart,32-255,1991,0.2,10,13,76.9,151,53,6,7,85.7,3,3,100.0,1,2,50.0,0,0.0,0.0,0.0,0,2,0,0,3
Makoto Hasebe,jp JPN,"DF,MF",Eint Frankfurt,40-001,1984,0.4,24,26,92.3,531,285,8,8,100.0,13,14,92.9,3,4,75.0,0,0.0,0.2,0.0,0,1,1,0,2
Thorgan Hazard,be BEL,DF,Dortmund,30-296,1993,0.1,7,9,77.8,113,45,4,6,66.7,2,2,100.0,1,1,100.0,0,0.0,0.0,0.0,0,0,0,0,2
Dominique Heintz,de GER,DF,Köln,30-157,1993,4.6,245,300,81.7,4580,1375,87,100,87.0,136,150,90.7,20,41,48.8,0,0.3,0.5,-0.3,4,14,2,1,17
Benjamin Henrichs,de GER,DF,RB Leipzig,26-330,1997,14.9,716,922,77.7,11967,4455,356,403,88.3,294,372,79.0,56,101,55.4,3,3.1,3.4,-0.1,28,47,27,6,67
Patrick Herrmann,de GER,"DF,FW",M'Gladbach,32-341,1991,0.5,21,28,75.0,297,74,15,19,78.9,4,6,66.7,2,2,100.0,0,0.0,0.0,0.0,1,2,1,0,4
Piero Hincapié,ec ECU,DF,Leverkusen,22-010,2002,4.3,358,384,93.2,5555,1957,206,212,97.2,129,138,93.5,18,26,69.2,1,0.2,0.2,+0.8,2,18,1,0,21
Adam Hložek,cz CZE,"FW,MF",Leverkusen,21-178,2002,1.7,52,69,75.4,736,132,31,36,86.1,12,18,66.7,5,7,71.4,0,0.2,0.2,-0.2,4,3,0,0,5
Nicolas Höfler,de GER,MF,Freiburg,33-316,1990,11.9,451,514,87.7,7783,2129,181,202,89.6,226,248,91.1,27,35,77.1,0,0.1,0.3,-0.1,4,40,4,0,46
Jonas Hofmann,de GER,MF,Leverkusen,31-189,1992,15.1,790,992,79.6,12066,2738,462,522,88.5,228,279,81.7,65,114,57.0,5,5.1,4.8,-0.1,40,42,27,4,72
Philipp Hofmann,de GER,FW,Bochum,30-295,1993,8.9,136,219,62.1,1800,264,87,125,69.6,34,61,55.7,5,7,71.4,2,1.1,0.7,+0.9,12,6,7,0,18
Lucas Höler,de GER,"FW,MF",Freiburg,29-193,1994,13.1,281,420,66.9,3851,821,169,236,71.6,75,107,70.1,14,19,73.7,1,1.6,1.4,-0.6,20,21,6,0,24
Fabian Holland,de GER,"MF,DF",Darmstadt 98,33-192,1990,12.0,417,540,77.2,7841,2634,170,200,85.0,191,219,87.2,55,104,52.9,2,1.1,0.8,+0.9,11,55,6,2,60
Benedict Hollerbach,de GER,"FW,MF",Union Berlin,22-247,2001,3.9,72,116,62.1,1170,396,42,54,77.8,19,29,65.5,7,10,70.0,0,0.3,0.4,-0.3,5,8,5,1,11
Franck Honorat,fr FRA,"DF,FW",M'Gladbach,27-161,1996,14.7,484,746,64.9,7877,3096,260,318,81.8,156,228,68.4,46,133,34.6,6,5.3,5.2,+0.7,48,20,28,12,50
Mathias Honsak,at AUT,"MF,FW",Darmstadt 98,27-030,1996,6.6,118,164,72.0,1709,365,63,79,79.7,42,52,80.8,7,11,63.6,0,0.3,0.2,-0.3,7,6,2,1,9
Fraser Hornby,sct SCO,"FW,MF",Darmstadt 98,24-128,1999,2.4,35,63,55.6,503,71,24,35,68.6,7,13,53.8,3,3,100.0,0,0.3,0.5,-0.3,4,0,2,0,2
Lukáš Hrádecký,fi FIN,GK,Leverkusen,34-056,1989,17.0,380,469,81.0,9087,6694,96,97,99.0,189,194,97.4,92,172,53.5,0,0.0,0.0,0.0,0,3,0,0,0
Timo Hübers,de GER,DF,Köln,27-183,1996,16.9,867,1014,85.5,16248,5799,272,298,91.3,517,557,92.8,64,132,48.5,0,0.2,0.3,-0.2,1,63,3,0,63
Mats Hummels,de GER,DF,Dortmund,35-034,1988,11.0,800,898,89.1,16985,5770,221,236,93.6,461,497,92.8,116,146,79.5,0,0.2,1.1,-0.2,6,61,5,0,59
Denis Huseinbasic,de GER,MF,Köln,22-200,2001,6.1,211,238,88.7,3276,718,111,118,94.1,85,93,91.4,9,14,64.3,2,0.3,0.2,+1.7,7,15,2,1,27
Iago,br BRA,"DF,FW",Augsburg,26-302,1997,6.7,158,227,69.6,2815,1111,81,93,87.1,53,81,65.4,20,35,57.1,1,0.8,1.5,+0.2,7,13,10,7,19
Thomas Isherwood,se SWE,DF,Darmstadt 98,25-356,1998,3.6,152,182,83.5,2869,899,54,57,94.7,81,89,91.0,14,26,53.8,0,0.0,0.1,0.0,1,12,4,0,10
Ko Itakura,jp JPN,DF,M'Gladbach,26-357,1997,6.8,290,328,88.4,5393,1854,98,105,93.3,166,180,92.2,22,35,62.9,0,0.0,0.1,0.0,0,13,0,0,11
Hiroki Ito,jp JPN,DF,Stuttgart,24-252,1999,10.9,740,856,86.4,12337,4069,363,393,92.4,314,347,90.5,52,91,57.1,2,1.4,1.4,+0.6,13,68,13,4,58
Lee Jae-sung,kr KOR,MF,Mainz 05,31-162,1992,12.4,323,420,76.9,4789,1388,180,216,83.3,110,138,79.7,19,36,52.8,0,0.7,0.7,-0.7,13,38,4,1,52
Paul Jaeckel,de GER,DF,Union Berlin,25-181,1998,2.4,115,128,89.8,2254,873,44,45,97.8,50,55,90.9,19,23,82.6,0,0.1,0.1,-0.1,2,6,1,0,14
Kristijan Jakić,hr CRO,"MF,FW",Eint Frankfurt,26-250,1997,2.2,91,111,82.0,1453,356,48,56,85.7,38,41,92.7,4,6,66.7,0,0.2,0.2,-0.2,1,6,0,0,11
Tony Jantschke,de GER,"DF,MF",M'Gladbach,33-287,1990,0.2,6,6,100.0,113,79,2,2,100.0,4,4,100.0,0,0,,0,0.0,0.0,0.0,0,1,0,0,2
Fredrik Jensen,fi FIN,"FW,MF",Augsburg,26-132,1997,8.4,149,255,58.4,2743,1148,67,98,68.4,51,70,72.9,24,55,43.6,3,2.1,2.7,+0.9,18,16,9,3,24
Moritz Jenz,de GER,DF,Wolfsburg,24-264,1999,9.5,437,495,88.3,8191,3368,135,143,94.4,261,284,91.9,35,57,61.4,1,0.3,0.3,+0.7,4,17,0,0,22
Anthony Jung,de GER,"DF,FW",Werder Bremen,32-077,1991,14.4,751,879,85.4,14011,5108,290,321,90.3,368,410,89.8,80,118,67.8,0,0.1,0.5,-0.1,3,37,6,3,54
Josip Juranović,hr CRO,DF,Union Berlin,28-156,1995,7.6,295,397,74.3,5590,2633,123,136,90.4,128,158,81.0,41,87,47.1,2,1.5,2.0,+0.5,20,29,9,3,36
Julian Justvan,de GER,"FW,MF",Hoffenheim,25-292,1998,0.5,35,55,63.6,560,223,20,27,74.1,12,19,63.2,3,5,60.0,0,0.0,0.1,0.0,0,4,3,1,5
Ozan Kabak,tr TUR,DF,Hoffenheim,23-300,2000,11.7,515,600,85.8,9815,3298,178,196,90.8,284,305,93.1,51,90,56.7,0,0.4,0.9,-0.4,2,37,5,0,51
Pavel Kadeřábek,cz CZE,"DF,FW",Hoffenheim,31-269,1992,12.0,353,539,65.5,5703,2114,182,217,83.9,142,227,62.6,24,65,36.9,1,1.7,1.8,-0.7,15,27,8,8,22
Florian Kainz,at AUT,"MF,FW",Köln,31-087,1992,13.0,492,678,72.6,8865,2923,214,247,86.6,212,257,82.5,53,127,41.7,1,2.0,2.7,-1.0,29,42,22,10,75
Sasa Kalajdzic,at AUT,FW,Eint Frankfurt,26-196,1997,0.7,11,16,68.8,135,15,6,7,85.7,4,6,66.7,0,0,,0,0.0,0.0,0.0,1,1,0,0,1
Jakub Kamiński,pl POL,"FW,MF",Wolfsburg,21-228,2002,2.6,62,76,81.6,912,288,40,43,93.0,19,23,82.6,3,8,37.5,0,0.2,0.8,-0.2,3,5,6,2,12
Kevin Kampl,si SVN,MF,RB Leipzig,33-102,1990,10.5,654,716,91.3,10996,2574,293,311,94.2,304,325,93.5,42,54,77.8,0,0.8,0.9,-0.8,10,42,11,2,71
Harry Kane,eng ENG,FW,Bayern Munich,30-175,1993,15.6,235,334,70.4,4312,1394,112,133,84.2,81,111,73.0,33,54,61.1,5,5.0,4.1,0.0,19,38,19,2,45
Atakan Karazor,de GER,MF,Stuttgart,27-098,1996,16.1,845,958,88.2,12632,3358,430,471,91.3,350,383,91.4,30,40,75.0,2,1.2,1.0,+0.8,14,83,10,2,70
Emir Karic,at AUT,DF,Darmstadt 98,26-224,1997,8.3,409,511,80.0,6890,2496,206,236,87.3,159,182,87.4,36,64,56.3,0,0.6,1.0,-0.6,11,36,12,5,45
Silas Katompa,cd COD,"FW,MF",Stuttgart,25-105,1998,8.1,148,202,73.3,2443,393,60,74,81.1,72,86,83.7,9,19,47.4,1,1.0,0.6,0.0,10,4,9,0,17
Mikkel Kaufmann,dk DEN,"FW,DF",Union Berlin,23-016,2001,1.9,26,44,59.1,351,103,16,20,80.0,6,9,66.7,2,5,40.0,0,0.0,0.1,0.0,0,2,1,0,5
Naby Keïta,gn GUI,MF,Werder Bremen,28-343,1995,0.9,35,45,77.8,569,203,14,16,87.5,17,22,77.3,2,4,50.0,0,0.0,0.0,0.0,0,6,2,0,8
Yannik Keitel,de GER,MF,Freiburg,23-338,2000,1.4,28,39,71.8,449,158,16,20,80.0,11,15,73.3,1,1,100.0,0,0.0,0.0,0.0,0,6,0,0,6
Thomas Keller,de GER,"MF,FW",Heidenheim,24-167,1999,0.0,5,7,71.4,73,37,3,3,100.0,0,0,,1,3,33.3,0,0.0,0.0,0.0,0,1,0,0,2
Aljoscha Kemlein,de GER,MF,Union Berlin,19-170,2004,0.3,7,9,77.8,122,52,3,4,75.0,3,3,100.0,1,1,100.0,0,0.0,0.0,0.0,0,1,0,0,0
Tobias Kempe,de GER,MF,Darmstadt 98,34-206,1989,9.1,250,352,71.0,4184,1263,134,149,89.9,74,98,75.5,32,73,43.8,1,1.5,1.9,-0.5,23,25,4,2,26
Rani Khedira,de GER,MF,Union Berlin,29-357,1994,4.0,96,137,70.1,1528,358,47,56,83.9,45,60,75.0,3,10,30.0,0,0.0,0.1,0.0,1,8,1,1,8
Luca Kilian,de GER,DF,Köln,24-140,1999,3.1,127,161,78.9,2182,555,52,57,91.2,64,77,83.1,9,21,42.9,0,0.0,0.0,0.0,1,6,0,0,3
Joshua Kimmich,de GER,MF,Bayern Munich,28-345,1995,10.5,890,1030,86.4,16747,4738,322,343,93.9,450,488,92.2,99,165,60.0,3,2.6,3.9,+0.4,33,101,20,2,113
Christoph Klarer,at AUT,DF,Darmstadt 98,23-219,2000,14.0,602,703,85.6,11722,3703,201,215,93.5,335,362,92.5,62,110,56.4,2,0.7,0.7,+1.3,9,37,3,1,42
Tim Kleindienst,de GER,FW,Heidenheim,28-141,1995,16.5,273,459,59.5,3853,928,154,245,62.9,81,122,66.4,17,24,70.8,3,2.0,1.3,+1.0,12,31,7,2,42
Lukas Klostermann,de GER,DF,RB Leipzig,27-230,1996,9.7,711,788,90.2,13229,4228,237,258,91.9,417,440,94.8,52,75,69.3,0,0.4,0.8,-0.4,4,64,6,0,68
Ansgar Knauff,de GER,"MF,FW",Eint Frankfurt,22-009,2002,9.9,199,321,62.0,3048,864,111,147,75.5,68,105,64.8,13,29,44.8,0,0.7,0.8,-0.7,5,13,9,4,22
Robin Knoche,de GER,DF,Union Berlin,31-242,1992,12.6,611,724,84.4,12194,4667,158,178,88.8,377,407,92.6,65,121,53.7,0,0.2,0.1,-0.2,2,32,2,0,49
Gregor Kobel,ch SUI,GK,Dortmund,26-044,1997,16.3,574,701,81.9,15175,9909,116,116,100.0,281,284,98.9,174,296,58.8,0,0.0,0.0,0.0,0,13,1,0,0
Robin Koch,de GER,DF,Eint Frankfurt,27-186,1996,14.7,870,990,87.9,16954,5636,261,283,92.2,527,562,93.8,78,130,60.0,0,0.0,0.1,0.0,1,42,1,0,39
Dominik Kohr,de GER,"MF,DF",Mainz 05,29-353,1994,12.4,505,651,77.6,9700,3108,171,211,81.0,276,325,84.9,48,86,55.8,0,0.8,0.7,-0.8,10,50,8,3,58
Randal Kolo Muani,fr FRA,FW,Eint Frankfurt,25-045,1998,1.7,17,26,65.4,227,67,11,15,73.3,3,4,75.0,2,4,50.0,0,0.0,0.0,0.0,0,2,1,0,3
Kouadio Koné,fr FRA,MF,M'Gladbach,22-247,2001,7.8,244,280,87.1,3497,841,143,153,93.5,82,91,90.1,8,13,61.5,0,0.3,0.3,-0.3,7,18,4,0,24
Odilon Kossonou,ci CIV,DF,Leverkusen,23-015,2001,13.4,815,920,88.6,12383,3930,467,502,93.0,288,314,91.7,48,68,70.6,0,0.5,1.1,-0.5,6,90,12,0,83
Dawid Kownacki,pl POL,FW,Werder Bremen,26-311,1997,2.6,42,67,62.7,506,81,27,36,75.0,8,18,44.4,2,3,66.7,0,0.1,0.5,-0.1,3,3,0,0,2
Alex Král,cz CZE,MF,Union Berlin,25-245,1998,9.5,218,303,71.9,3739,854,94,118,79.7,107,130,82.3,13,36,36.1,0,0.3,0.2,-0.3,3,20,2,1,27
Andrej Kramarić,hr CRO,"MF,FW",Hoffenheim,32-214,1991,11.1,400,509,78.6,6365,1848,208,240,86.7,133,161,82.6,41,69,59.4,1,3.2,3.4,-2.2,39,34,9,2,46
Christoph Kramer,de GER,MF,M'Gladbach,32-334,1991,2.0,109,137,79.6,1394,468,69,83,83.1,25,28,89.3,5,9,55.6,0,0.1,0.4,-0.1,2,10,1,0,9
Frans Krätzig,de GER,DF,Bayern Munich,21-005,2003,0.6,45,50,90.0,705,183,24,26,92.3,18,20,90.0,2,3,66.7,0,0.3,0.1,-0.3,2,3,1,0,7
Tom Krauß,de GER,MF,Mainz 05,22-211,2001,9.7,289,392,73.7,4495,1379,156,187,83.4,111,134,82.8,17,39,43.6,0,0.1,0.4,-0.1,4,26,5,1,39
Lukas Kübler,de GER,DF,Freiburg,31-142,1992,9.5,316,404,78.2,5379,1771,156,171,91.2,128,165,77.6,28,54,51.9,0,0.2,0.2,-0.2,2,32,1,0,27
Moritz-Broni Kwarteng,gh GHA,"FW,MF",Bochum,25-266,1998,1.8,33,48,68.8,474,103,20,21,95.2,11,18,61.1,2,5,40.0,1,0.5,0.1,+0.5,4,2,2,0,5
Maxence Lacroix,fr FRA,DF,Wolfsburg,23-288,2000,13.2,715,827,86.5,15130,5371,203,223,91.0,407,454,89.6,102,128,79.7,0,0.2,0.5,-0.2,4,52,3,2,54
Aïssa Laïdouni,tn TUN,MF,Union Berlin,27-037,1996,8.0,276,350,78.9,4749,1339,122,151,80.8,117,137,85.4,27,39,69.2,3,0.5,1.1,+2.5,8,31,9,3,42
Konrad Laimer,at AUT,"DF,MF",Bayern Munich,26-237,1997,12.1,765,878,87.1,11216,2977,442,488,90.6,288,318,90.6,22,28,78.6,2,2.4,2.7,-0.4,14,51,13,4,62
Hugo Larsson,se SWE,MF,Eint Frankfurt,19-206,2004,13.8,555,635,87.4,9121,2283,259,282,91.8,240,269,89.2,37,51,72.5,1,1.3,1.2,-0.3,8,32,5,2,40
Diogo Leite,pt POR,DF,Union Berlin,24-361,1999,15.6,743,911,81.6,13896,5360,285,315,90.5,370,417,88.7,74,140,52.9,0,0.1,0.4,-0.1,3,70,2,1,77
Maxim Leitsch,de GER,DF,Mainz 05,25-246,1998,4.1,118,155,76.1,2500,961,34,50,68.0,66,78,84.6,17,24,70.8,0,0.0,0.1,0.0,0,7,1,0,7
Christopher Lenz,de GER,"DF,MF",RB Leipzig,29-119,1994,0.4,34,40,85.0,544,205,13,14,92.9,19,19,100.0,0,3,0.0,0,0.1,0.1,-0.1,1,3,0,0,2
Christopher Lenz,de GER,DF,Eint Frankfurt,29-119,1994,0.1,5,9,55.6,117,53,0,0,,4,4,100.0,1,4,25.0,0,0.0,0.0,0.0,0,1,0,0,1
Jamie Leweling,de GER,"MF,FW",Stuttgart,22-327,2001,6.6,170,220,77.3,2495,476,96,111,86.5,51,65,78.5,11,21,52.4,2,2.1,2.3,-0.1,13,6,7,5,10
Philipp Lienhart,at AUT,DF,Freiburg,27-192,1996,13.7,797,964,82.7,16578,6329,231,263,87.8,454,490,92.7,110,197,55.8,0,1.1,0.6,-1.1,3,48,5,0,52
Matthijs de Ligt,nl NED,DF,Bayern Munich,24-160,1999,4.1,264,284,93.0,5243,1893,74,78,94.9,161,165,97.6,27,38,71.1,0,0.1,0.2,-0.1,2,28,0,0,19
Jesper Lindstrøm,dk DEN,FW,Eint Frankfurt,23-324,2000,0.9,24,32,75.0,384,27,10,13,76.9,13,15,86.7,0,0,,0,0.0,0.0,0.0,0,0,1,0,1
Dejan Ljubicic,at AUT,"MF,FW",Köln,26-103,1997,12.3,402,507,79.3,6287,1638,201,232,86.6,159,190,83.7,28,45,62.2,0,1.4,1.0,-1.4,10,26,9,2,51
Noah Loosli,ch SUI,"DF,MF",Bochum,26-361,1997,1.8,49,67,73.1,708,298,28,29,96.6,17,22,77.3,3,12,25.0,0,0.0,0.0,0.0,0,4,0,0,3
Anthony Losilla,fr FRA,MF,Bochum,37-315,1986,14.5,368,490,75.1,5516,1687,187,234,79.9,151,199,75.9,13,27,48.1,1,0.5,0.5,+0.5,7,32,5,2,49
Castello Lukeba,fr FRA,DF,RB Leipzig,21-033,2002,11.0,760,836,90.9,13751,4652,266,287,92.7,444,461,96.3,46,77,59.7,0,0.1,0.4,-0.1,3,58,2,1,51
Senne Lynen,be BEL,MF,Werder Bremen,24-334,1999,5.0,173,210,82.4,2957,862,76,88,86.4,75,90,83.3,18,22,81.8,2,0.8,0.2,+1.2,6,14,2,0,13
Ian Maatsen,nl NED,DF,Dortmund,21-315,2002,1.0,56,59,94.9,813,327,28,29,96.6,21,22,95.5,2,3,66.7,0,0.4,0.1,-0.4,2,3,2,1,7
Matej Maglica,hr CRO,DF,Darmstadt 98,25-116,1998,9.2,393,507,77.5,8164,3061,115,126,91.3,218,249,87.6,58,119,48.7,0,0.2,0.3,-0.2,5,36,1,0,38
Arne Maier,de GER,"MF,DF",Augsburg,25-011,1999,1.0,42,58,72.4,801,327,13,16,81.3,24,31,77.4,4,8,50.0,0,0.0,0.1,0.0,0,4,2,1,3
Linton Maina,de GER,"FW,MF",Köln,24-210,1999,11.8,252,358,70.4,3293,838,174,201,86.6,62,99,62.6,9,22,40.9,1,1.7,1.6,-0.7,11,19,10,3,27
Patrick Mainka,de GER,DF,Heidenheim,29-074,1994,17.0,681,805,84.6,14093,5687,186,218,85.3,386,424,91.0,101,145,69.7,0,0.0,0.5,0.0,0,32,1,0,64
Lovro Majer,hr CRO,"MF,FW",Wolfsburg,26-002,1998,13.5,386,537,71.9,5964,1669,191,229,83.4,153,198,77.3,22,50,44.0,3,2.2,2.2,+0.8,23,39,16,0,68
Jordy Makengo,fr FRA,DF,Freiburg,22-169,2001,4.4,203,251,80.9,3168,789,107,120,89.2,86,102,84.3,7,18,38.9,0,0.1,0.2,-0.1,1,20,3,2,22
Donyell Malen,nl NED,"FW,MF",Dortmund,25-010,1999,11.6,230,316,72.8,3066,811,149,177,84.2,60,84,71.4,8,18,44.4,0,1.5,2.1,-1.5,9,11,22,3,33
Lennard Maloney,us USA,MF,Heidenheim,24-103,1999,15.8,465,618,75.2,9145,2194,154,201,76.6,233,275,84.7,62,107,57.9,1,0.6,0.6,+0.4,5,37,4,0,40
David Mamutovic,de GER,DF,Mainz 05,23-045,2000,0.1,3,4,75.0,37,19,2,3,66.7,1,1,100.0,0,0,,0,0.0,0.0,0.0,0,3,0,0,0
Braydon Manu,gh GHA,MF,Darmstadt 98,26-297,1997,0.9,13,17,76.5,184,21,7,8,87.5,6,7,85.7,0,1,0.0,0,0.0,0.0,0.0,1,2,0,0,1
Omar Marmoush,eg EGY,"FW,MF",Eint Frankfurt,24-346,1999,12.0,186,265,70.2,2721,616,108,130,83.1,56,82,68.3,13,22,59.1,3,3.1,2.5,-0.1,22,17,7,1,25
Eric Martel,de GER,MF,Köln,21-265,2002,13.4,467,574,81.4,7356,1669,219,254,86.2,212,243,87.2,20,40,50.0,0,0.2,0.5,-0.2,4,40,4,3,37
Erhan Mašović,rs SRB,DF,Bochum,25-058,1998,13.4,319,408,78.2,5686,1696,120,152,78.9,159,177,89.8,25,56,44.6,0,0.3,0.6,-0.3,3,21,2,0,23
Roberto Massimo,de GER,"DF,FW",Stuttgart,23-099,2000,0.7,26,33,78.8,420,109,12,15,80.0,11,12,91.7,2,3,66.7,0,0.0,0.0,0.0,0,1,0,0,3
Philipp Max,de GER,"DF,MF",Eint Frankfurt,30-111,1993,9.3,447,534,83.7,6902,2270,237,256,92.6,178,213,83.6,22,42,52.4,1,1.2,1.3,-0.2,9,38,8,5,32
Eric Maxim Choupo-Moting,cm CMR,"MF,FW",Bayern Munich,34-302,1989,3.7,109,134,81.3,1397,278,70,78,89.7,27,33,81.8,4,5,80.0,0,1.4,0.6,-1.4,8,5,4,0,10
Noussair Mazraoui,ma MAR,DF,Bayern Munich,26-066,1997,9.1,623,707,88.1,9194,3376,362,389,93.1,229,251,91.2,21,30,70.0,3,1.5,1.8,+1.5,11,69,11,3,81
Kevin Mbabu,ch SUI,DF,Augsburg,28-275,1995,8.9,222,353,62.9,4000,2062,96,119,80.7,95,151,62.9,25,56,44.6,0,0.7,1.1,-0.7,7,20,7,5,27
Noah Mbamba,be BEL,MF,Leverkusen,19-014,2005,0.2,18,19,94.7,250,85,10,10,100.0,7,7,100.0,0,0,,1,0.6,0.5,+0.4,1,4,1,1,2
Nathanael Mbuku,fr FRA,FW,Augsburg,21-309,2002,0.1,6,7,85.7,62,16,5,6,83.3,0,0,,0,0,,0,0.0,0.0,0.0,1,2,0,0,1
Marvin Mehlem,de GER,MF,Darmstadt 98,26-130,1997,10.8,299,390,76.7,4772,1264,159,188,84.6,112,137,81.8,20,37,54.1,2,0.7,1.0,+1.3,16,27,9,1,35
Thomas Meunier,be BEL,DF,Dortmund,32-129,1991,3.9,218,274,79.6,3723,1569,106,117,90.6,91,116,78.4,18,31,58.1,0,0.1,0.1,-0.1,2,16,1,0,17
Alexander Meyer,de GER,GK,Dortmund,32-281,1991,0.7,26,28,92.9,508,356,12,12,100.0,9,9,100.0,5,7,71.4,0,0.0,0.0,0.0,0,0,0,0,0
Sven Michel,de GER,"FW,MF",Augsburg,33-188,1990,4.9,71,117,60.7,934,245,46,61,75.4,17,32,53.1,3,6,50.0,1,0.3,0.3,+0.7,6,6,5,0,11
Enzo Millot,fr FRA,"MF,FW",Stuttgart,21-186,2002,12.4,585,705,83.0,8370,1905,329,364,90.4,194,232,83.6,29,51,56.9,2,2.3,2.9,-0.3,20,46,22,4,70
Jovan Milošević,rs SRB,FW,Stuttgart,18-172,2005,0.3,6,10,60.0,71,17,3,4,75.0,2,2,100.0,0,1,0.0,0,0.0,0.0,0.0,0,1,0,0,1
Kim Min-jae,kr KOR,DF,Bayern Munich,27-065,1996,14.6,1386,1494,92.8,23469,9149,583,613,95.1,730,765,95.4,61,89,68.5,0,0.2,0.4,-0.2,5,89,2,0,89
Maximilian Mittelstädt,de GER,DF,Stuttgart,26-307,1997,8.3,556,642,86.6,8188,2350,301,320,94.1,205,238,86.1,22,37,59.5,2,1.8,1.9,+0.2,8,38,13,6,54
Youssoufa Moukoko,de GER,FW,Dortmund,19-060,2004,1.8,29,35,82.9,364,69,18,22,81.8,7,8,87.5,1,1,100.0,0,0.0,0.1,0.0,1,2,1,0,3
Andreas Müller,de GER,MF,Darmstadt 98,23-183,2000,0.6,12,22,54.5,232,54,5,7,71.4,5,8,62.5,2,5,40.0,0,0.0,0.0,0.0,0,2,0,0,2
Jannik Müller,de GER,DF,Darmstadt 98,30-001,1994,6.7,238,303,78.5,4986,1555,69,80,86.3,137,159,86.2,31,54,57.4,0,0.0,0.1,0.0,0,16,2,1,16
Kevin Müller,de GER,GK,Heidenheim,32-310,1991,17.0,553,751,73.6,17953,12336,35,36,97.2,275,277,99.3,243,437,55.6,0,0.0,0.0,0.0,1,14,0,0,0
Marcus Müller,de GER,MF,Mainz 05,21-152,2002,0.2,3,5,60.0,53,2,1,2,50.0,2,3,66.7,0,0,,0,0.0,0.1,0.0,0,0,0,0,1
Thomas Müller,de GER,"MF,FW",Bayern Munich,34-128,1989,6.4,189,260,72.7,2723,840,110,128,85.9,63,95,66.3,8,18,44.4,6,4.9,3.6,+1.1,28,21,18,6,28
Jamal Musiala,de GER,"MF,FW",Bayern Munich,20-327,2003,8.2,250,308,81.2,3276,917,159,182,87.4,69,78,88.5,7,11,63.6,2,1.9,2.4,+0.1,15,24,17,0,43
Phillipp Mwene,at AUT,"DF,FW",Mainz 05,29-355,1994,9.3,314,466,67.4,5334,2232,153,189,81.0,124,174,71.3,30,76,39.5,2,1.5,1.7,+0.5,15,18,16,8,32
Joakim Mæhle,dk DEN,DF,Wolfsburg,26-244,1997,15.0,719,882,81.5,11065,3527,389,420,92.6,278,335,83.0,32,67,47.8,1,1.3,2.7,-0.3,11,42,15,5,61
Nathan N'Goumou,fr FRA,"FW,MF",M'Gladbach,23-311,2000,7.6,152,198,76.8,2095,480,89,113,78.8,44,55,80.0,10,13,76.9,1,0.5,0.9,+0.5,8,5,7,3,19
Stanley N'Soki,fr FRA,DF,Hoffenheim,24-285,1999,1.3,40,55,72.7,664,382,19,24,79.2,19,23,82.6,2,4,50.0,0,0.0,0.0,0.0,0,4,0,0,5
Luca Netz,de GER,DF,M'Gladbach,20-249,2003,13.5,462,613,75.4,7249,2529,241,282,85.5,167,205,81.5,35,83,42.2,3,2.2,1.7,+0.8,21,21,9,3,37
Manuel Neuer,de GER,GK,Bayern Munich,37-298,1986,8.0,291,338,86.1,7280,4354,55,55,100.0,153,155,98.7,83,128,64.8,0,0.0,0.0,0.0,0,5,0,0,2
Florian Neuhaus,de GER,MF,M'Gladbach,26-309,1997,6.7,250,289,86.5,4095,1079,137,147,93.2,87,99,87.9,19,28,67.9,0,0.5,1.2,-0.5,6,39,6,3,36
Jessic Ngankam,de GER,FW,Eint Frankfurt,23-183,2000,3.1,31,43,72.1,333,24,23,30,76.7,5,7,71.4,0,0,,0,0.0,0.1,0.0,1,1,1,0,1
Moritz Nicolas,de GER,GK,M'Gladbach,26-090,1997,15.0,454,587,77.3,11072,6839,86,86,100.0,259,264,98.1,107,231,46.3,0,0.0,0.0,0.0,0,2,0,0,0
Justin Njinmah,de GER,"FW,MF",Werder Bremen,23-065,2000,4.8,59,93,63.4,758,170,39,55,70.9,13,19,68.4,2,4,50.0,2,1.6,1.5,+0.4,9,3,4,0,6
Niels Nkounkou,fr FRA,"DF,MF",Eint Frankfurt,23-079,2000,5.6,227,318,71.4,3922,1700,110,133,82.7,92,118,78.0,22,45,48.9,2,1.1,0.5,+0.9,6,17,5,2,15
Felix Nmecha,de GER,MF,Dortmund,23-101,2000,6.7,212,256,82.8,3487,822,95,111,85.6,90,99,90.9,14,19,73.7,2,0.6,0.7,+1.4,7,19,3,0,29
Alexander Nübel,de GER,GK,Stuttgart,27-111,1996,17.0,555,670,82.8,14067,9863,116,116,100.0,280,287,97.6,157,262,59.9,0,0.0,0.0,0.0,0,7,1,0,0
Fabian Nürnberger,de GER,"DF,MF",Darmstadt 98,24-175,1999,10.6,452,567,79.7,7373,2195,242,271,89.3,170,207,82.1,34,70,48.6,1,1.4,1.9,-0.4,21,35,14,10,41
Tim Oermann,de GER,"DF,MF",Bochum,20-105,2003,1.2,30,45,66.7,542,194,12,14,85.7,17,24,70.8,1,4,25.0,0,0.1,0.0,-0.1,1,4,1,0,7
Masaya Okugawa,jp JPN,"FW,DF",Augsburg,27-280,1996,0.4,7,11,63.6,102,22,5,7,71.4,2,4,50.0,0,0,,0,0.0,0.0,0.0,0,0,0,0,1
Finn Ole Becker,de GER,MF,Hoffenheim,23-225,2000,3.9,156,198,78.8,2527,710,78,88,88.6,58,71,81.7,14,27,51.9,0,0.3,0.4,-0.3,5,9,4,0,19
Mathias Olesen,lu LUX,"MF,FW",Köln,22-304,2001,1.2,42,53,79.2,639,170,24,29,82.8,15,17,88.2,2,3,66.7,0,0.0,0.2,0.0,1,5,2,1,7
Dani Olmo,es ESP,"MF,FW",RB Leipzig,25-257,1998,3.4,108,142,76.1,1693,378,55,67,82.1,42,49,85.7,7,14,50.0,1,1.4,1.3,-0.4,8,14,4,2,12
Jonas Omlin,ch SUI,GK,M'Gladbach,30-009,1994,2.0,53,77,68.8,1545,1074,9,9,100.0,27,28,96.4,17,40,42.5,1,0.4,0.0,+0.6,1,1,0,0,0
Karim Onisiwo,at AUT,"FW,MF",Mainz 05,31-308,1992,9.9,140,218,64.2,2021,419,78,104,75.0,38,55,69.1,12,19,63.2,3,1.1,0.8,+1.9,12,12,4,2,18
Loïs Openda,be BEL,FW,RB Leipzig,23-337,2000,14.9,157,244,64.3,1988,517,99,133,74.4,37,56,66.1,5,14,35.7,4,3.2,2.6,+0.8,19,9,9,2,22
Leon Opitz,de GER,"FW,DF",Werder Bremen,18-283,2005,0.2,4,10,40.0,84,38,2,3,66.7,1,4,25.0,1,2,50.0,0,0.0,0.0,0.0,0,0,0,0,0
Willi Orban,hu HUN,DF,RB Leipzig,31-077,1992,3.0,252,283,89.0,4526,1729,87,95,91.6,154,167,92.2,11,18,61.1,0,0.0,0.1,0.0,0,12,1,0,25
Ivan Ordets,ua UKR,DF,Bochum,31-195,1992,8.4,229,301,76.1,4529,1420,66,87,75.9,137,159,86.2,24,44,54.5,0,0.3,0.3,-0.3,1,11,1,0,16
Patrick Osterhage,de GER,"MF,DF",Bochum,23-352,2000,9.6,312,388,80.4,4547,1304,174,197,88.3,97,114,85.1,20,31,64.5,0,0.2,0.3,-0.2,4,21,6,0,32
Salih Özcan,tr TUR,MF,Dortmund,26-008,1998,7.1,367,419,87.6,5974,1314,181,196,92.3,148,166,89.2,24,35,68.6,0,0.7,0.5,-0.7,6,30,3,0,30
Willian Pacho,ec ECU,DF,Eint Frankfurt,22-095,2001,17.0,987,1180,83.6,18765,7170,309,351,88.0,587,634,92.6,81,159,50.9,0,0.1,0.6,-0.1,1,64,5,1,66
Gonçalo Paciência,pt POR,FW,Bochum,29-171,1994,5.3,79,127,62.2,1089,409,49,64,76.6,19,28,67.9,5,14,35.7,0,0.8,0.5,-0.8,8,11,5,1,17
Exequiel Palacios,ar ARG,MF,Leverkusen,25-106,1998,14.4,1330,1449,91.8,18633,5749,832,877,94.9,404,432,93.5,50,69,72.5,2,2.8,3.0,-0.8,20,133,20,2,112
Miloš Pantović,rs SRB,MF,Union Berlin,27-196,1996,0.2,4,7,57.1,45,23,2,3,66.7,1,1,100.0,0,1,0.0,0,0.0,0.0,0.0,0,0,0,0,0
Antonios Papadopoulos,de GER,DF,Dortmund,24-131,1999,0.3,9,10,90.0,204,140,2,2,100.0,4,4,100.0,3,4,75.0,0,0.0,0.0,0.0,0,1,0,0,1
Matondo-Merveille Papela,de GER,"MF,DF",Mainz 05,23-001,2001,2.2,45,66,68.2,709,224,25,29,86.2,16,22,72.7,3,9,33.3,0,0.3,0.2,-0.3,3,6,0,0,8
Leart Paqarada,xk KVX,DF,Köln,29-103,1994,9.6,418,598,69.9,6955,3180,211,241,87.6,154,195,79.0,41,114,36.0,0,1.3,2.1,-1.3,17,29,12,5,42
Kevin Paredes,us USA,"MF,FW",Wolfsburg,20-257,2003,3.9,119,147,81.0,1649,396,68,76,89.5,42,53,79.2,4,10,40.0,0,0.3,0.3,-0.3,4,7,4,0,12
Felix Passlack,de GER,DF,Bochum,25-235,1998,4.8,139,203,68.5,2423,742,59,73,80.8,64,80,80.0,10,29,34.5,0,0.4,0.5,-0.4,8,13,5,4,16
Jiří Pavlenka,cz CZE,GK,Werder Bremen,31-280,1992,7.0,187,246,76.0,4952,3302,39,39,100.0,93,93,100.0,54,113,47.8,0,0.0,0.0,0.0,0,0,0,0,0
Aleksandar Pavlovic,de GER,MF,Bayern Munich,19-261,2004,3.5,215,239,90.0,3585,954,104,110,94.5,90,96,93.8,16,24,66.7,2,0.6,0.7,+1.4,4,22,3,1,27
Mads Pedersen,dk DEN,DF,Augsburg,27-140,1996,12.4,376,513,73.3,6354,2274,191,214,89.3,143,210,68.1,34,58,58.6,1,1.4,1.7,-0.4,9,21,10,6,29
Jordan Pefok,us USA,FW,M'Gladbach,27-268,1996,5.8,101,122,82.8,1381,253,54,65,83.1,34,38,89.5,4,4,100.0,1,0.9,0.4,+0.1,8,5,1,0,11
Jordan Pefok,us USA,FW,Union Berlin,27-268,1996,0.3,2,5,40.0,14,0,2,3,66.7,0,0,,0,0,,0,0.1,0.0,-0.1,2,0,0,0,0
Pavao Pervan,at AUT,GK,Wolfsburg,36-067,1987,3.0,83,117,70.9,2033,1293,24,24,100.0,38,39,97.4,21,54,38.9,0,0.0,0.0,0.0,0,1,0,0,0
Jens Petter Hauge,no NOR,"MF,FW",Eint Frankfurt,24-099,1999,1.6,67,81,82.7,1076,270,31,36,86.1,31,35,88.6,4,6,66.7,0,0.1,0.4,-0.1,2,4,4,0,6
Luca Pfeiffer,de GER,"FW,MF",Darmstadt 98,27-152,1996,12.1,190,276,68.8,2873,683,116,146,79.5,56,87,64.4,14,27,51.9,3,1.0,0.6,+2.0,14,15,4,0,26
Patric Pfeiffer,de GER,DF,Augsburg,24-152,1999,4.1,136,191,71.2,2752,944,48,54,88.9,70,91,76.9,18,39,46.2,1,0.6,0.5,+0.4,1,11,2,1,12
Maximilian Philipp,de GER,"FW,MF",Freiburg,29-324,1994,2.6,59,80,73.8,751,117,35,40,87.5,16,24,66.7,2,3,66.7,0,0.1,0.2,-0.1,2,5,2,1,4
Florian Pick,de GER,"MF,FW",Heidenheim,28-133,1995,2.4,83,120,69.2,1464,441,31,38,81.6,35,44,79.5,12,26,46.2,0,0.2,0.4,-0.2,3,4,2,1,7
Amos Pieper,de GER,DF,Werder Bremen,26-002,1998,6.0,219,294,74.5,4363,1814,76,97,78.4,108,124,87.1,32,62,51.6,0,0.8,0.4,-0.8,2,23,2,0,23
Marvin Pieringer,de GER,"FW,MF",Heidenheim,24-107,1999,8.6,143,214,66.8,1941,465,87,121,71.9,40,62,64.5,6,9,66.7,0,0.8,0.6,-0.8,5,12,6,0,18
Alassane Pléa,fr FRA,"FW,MF",M'Gladbach,30-315,1993,13.7,319,457,69.8,5413,1734,162,203,79.8,112,159,70.4,35,56,62.5,3,2.6,2.7,+0.4,23,29,23,2,70
Yussuf Poulsen,dk DEN,FW,RB Leipzig,29-218,1994,9.7,157,211,74.4,1940,499,103,126,81.7,34,45,75.6,5,8,62.5,1,0.8,1.6,+0.2,10,6,3,1,13
Grischa Prömel,de GER,MF,Hoffenheim,29-010,1995,14.4,412,521,79.1,6660,1690,193,226,85.4,180,206,87.4,27,52,51.9,5,2.6,1.6,+2.4,16,44,12,1,60
Gustavo Puerta,co COL,"DF,MF",Leverkusen,20-180,2003,0.3,21,24,87.5,289,45,11,12,91.7,10,11,90.9,0,1,0.0,0,0.0,0.0,0.0,0,0,0,0,1
Luca Raimund,de GER,"FW,MF",Stuttgart,18-285,2005,0.3,15,22,68.2,192,18,10,13,76.9,5,7,71.4,0,0,,0,0.0,0.0,0.0,0,0,1,0,1
Grant Ranos,am ARM,"FW,MF",M'Gladbach,20-183,2003,0.5,12,15,80.0,166,64,4,5,80.0,5,7,71.4,0,0,,0,0.0,0.1,0.0,0,2,0,0,2
Nicolai Rapp,de GER,DF,Werder Bremen,27-037,1996,0.8,32,40,80.0,563,213,12,14,85.7,18,22,81.8,2,3,66.7,0,0.0,0.0,0.0,0,0,0,0,2
David Raum,de GER,DF,RB Leipzig,25-272,1998,16.7,884,1225,72.2,15481,5412,406,457,88.8,375,494,75.9,85,209,40.7,3,3.9,6.1,-0.9,38,55,36,18,73
Rocco Reitz,de GER,MF,M'Gladbach,21-235,2002,13.3,393,533,73.7,6196,2067,205,246,83.3,153,195,78.5,21,46,45.7,2,1.3,0.8,+0.7,7,47,5,1,60
Marco Reus,de GER,"MF,FW",Dortmund,34-233,1989,10.3,282,351,80.3,3968,1005,159,179,88.8,88,105,83.8,16,23,69.6,2,2.4,1.5,-0.4,20,18,12,1,29
Elvis Rexhbeçaj,de GER,MF,Augsburg,26-079,1997,16.2,374,510,73.3,5925,1724,177,219,80.8,153,196,78.1,25,50,50.0,0,0.4,1.0,-0.4,10,47,10,3,63
Gio Reyna,us USA,"MF,FW",Dortmund,21-067,2002,2.6,145,169,85.8,2075,496,93,100,93.0,45,55,81.8,4,6,66.7,0,0.8,0.9,-0.8,7,13,4,2,14
Marco Richter,de GER,"FW,MF",Mainz 05,26-056,1997,5.9,137,215,63.7,2422,886,69,83,83.1,40,71,56.3,21,45,46.7,0,0.7,1.3,-0.7,8,20,9,2,25
Clemens Riedel,de GER,DF,Darmstadt 98,20-184,2003,5.1,297,354,83.9,5927,1677,94,108,87.0,164,176,93.2,34,51,66.7,0,0.6,0.2,-0.6,4,24,1,0,27
Manuel Riemann,de GER,GK,Bochum,35-132,1988,17.0,533,879,60.6,17889,15019,75,77,97.4,191,194,98.5,263,602,43.7,0,0.1,0.2,-0.1,2,42,2,0,6
Sebastian Rode,de GER,MF,Eint Frankfurt,33-100,1990,0.3,21,29,72.4,345,120,11,14,78.6,8,12,66.7,1,2,50.0,0,0.0,0.1,0.0,0,3,2,0,6
Rogério,br BRA,"DF,MF",Wolfsburg,26-006,1998,6.1,279,330,84.5,4348,1422,149,159,93.7,111,130,85.4,14,23,60.9,0,0.1,0.3,-0.1,2,19,4,3,34
Merlin Röhl,de GER,"MF,FW",Freiburg,21-198,2002,9.5,191,243,78.6,2779,583,105,131,80.2,65,73,89.0,10,16,62.5,4,1.8,1.3,+2.2,8,24,4,1,21
Frank Ronstadt,de GER,"DF,MF",Darmstadt 98,26-182,1997,0.8,35,42,83.3,479,178,21,23,91.3,13,15,86.7,0,1,0.0,0,0.1,0.1,-0.1,2,2,2,1,2
Anthony Rouault,fr FRA,DF,Stuttgart,22-235,2001,5.6,364,423,86.1,6364,2416,162,181,89.5,165,176,93.8,32,45,71.1,1,0.4,0.7,+0.6,3,37,4,1,29
Jérôme Roussillon,fr FRA,DF,Union Berlin,31-013,1993,6.0,206,276,74.6,3240,1527,108,127,85.0,82,102,80.4,11,29,37.9,1,0.4,0.4,+0.6,6,16,5,2,30
Fabian Rüdlin,de GER,MF,Freiburg,27-006,1997,0.1,4,5,80.0,89,35,1,1,100.0,2,3,66.7,1,1,100.0,0,0.0,0.0,0.0,0,0,0,0,1
Julian Ryerson,no NOR,DF,Dortmund,26-063,1997,9.9,435,519,83.8,6789,1335,221,242,91.3,175,207,84.5,26,38,68.4,1,1.8,1.5,-0.8,9,20,5,4,31
Frederik Rønnow,dk DEN,GK,Union Berlin,31-168,1992,16.0,441,623,70.8,11788,8604,88,88,100.0,236,240,98.3,115,292,39.4,0,0.0,0.1,0.0,0,13,0,0,0
Marcel Sabitzer,at AUT,MF,Dortmund,29-308,1994,10.3,326,422,77.3,4889,1484,168,203,82.8,121,142,85.2,18,39,46.2,1,0.9,1.1,+0.1,10,35,14,1,52
Roland Sallai,hu HUN,"FW,MF",Freiburg,26-242,1997,9.4,198,295,67.1,2929,690,115,131,87.8,67,99,67.7,9,31,29.0,0,1.7,1.7,-1.7,16,8,17,7,19
Diadie Samassékou,ml MLI,MF,Hoffenheim,28-008,1996,0.0,2,2,100.0,25,0,1,1,100.0,1,1,100.0,0,0,,0,0.0,0.0,0.0,0,0,0,0,0
Jadon Sancho,eng ENG,FW,Dortmund,23-300,2000,0.4,13,21,61.9,198,56,7,11,63.6,4,7,57.1,1,1,100.0,1,1.3,0.7,-0.3,2,0,1,1,0
Leroy Sané,de GER,FW,Bayern Munich,28-008,1996,15.4,556,697,79.8,8222,2008,335,385,87.0,157,187,84.0,41,69,59.4,10,9.1,7.6,+0.9,52,24,28,1,74
Amin Sarr,se SWE,"FW,MF",Wolfsburg,22-314,2001,1.1,10,23,43.5,114,43,5,12,41.7,3,5,60.0,0,0,,0,0.0,0.0,0.0,0,0,0,0,2
Bouna Sarr,sn SEN,DF,Bayern Munich,31-353,1992,1.2,92,104,88.5,1371,286,53,58,91.4,35,40,87.5,3,4,75.0,0,0.0,0.1,0.0,0,9,1,1,2
Joe Scally,us USA,DF,M'Gladbach,21-019,2002,13.9,632,784,80.6,9947,3828,325,362,89.8,248,298,83.2,40,79,50.6,1,0.4,0.6,+0.6,6,28,7,4,49
András Schäfer,hu HUN,MF,Union Berlin,24-281,1999,2.1,68,87,78.2,1005,220,44,51,86.3,21,25,84.0,3,6,50.0,0,0.1,0.1,-0.1,2,6,2,0,11
Patrik Schick,cz CZE,FW,Leverkusen,27-360,1996,2.3,37,48,77.1,444,58,25,33,75.8,10,10,100.0,0,1,0.0,0,0.2,0.5,-0.2,2,2,1,0,2
Stefan Schimmer,de GER,"MF,FW",Heidenheim,29-266,1994,0.8,10,24,41.7,97,43,6,10,60.0,2,7,28.6,0,0,,1,0.9,0.7,+0.1,1,1,0,0,1
Xaver Schlager,at AUT,MF,RB Leipzig,26-113,1997,14.7,836,956,87.4,13877,3946,416,451,92.2,347,376,92.3,60,86,69.8,1,1.5,1.9,-0.5,13,98,13,2,122
Keven Schlotterbeck,de GER,DF,Bochum,26-266,1997,10.0,307,411,74.7,5895,2478,104,133,78.2,172,208,82.7,29,57,50.9,0,0.3,0.6,-0.3,2,13,2,0,28
Nico Schlotterbeck,de GER,DF,Dortmund,24-049,1999,15.5,1063,1204,88.3,21380,7715,330,352,93.8,596,641,93.0,131,192,68.2,0,0.7,1.2,-0.7,7,90,8,0,84
Romano Schmid,at AUT,MF,Werder Bremen,23-357,2000,13.8,486,621,78.3,7833,2451,232,287,80.8,190,224,84.8,42,62,67.7,2,2.8,3.1,-0.8,20,52,24,6,75
Kenneth Schmidt,de GER,DF,Freiburg,21-230,2002,0.8,43,48,89.6,749,239,18,18,100.0,22,25,88.0,2,2,100.0,0,0.1,0.1,-0.1,2,2,1,1,4
Benno Schmitz,de GER,DF,Köln,29-063,1994,6.0,235,349,67.3,3810,2017,127,146,87.0,78,123,63.4,24,53,45.3,0,0.2,0.2,-0.2,2,21,5,2,38
Fabian Schnellhardt,de GER,MF,Darmstadt 98,30-007,1994,2.3,132,151,87.4,2314,452,50,56,89.3,71,76,93.4,8,10,80.0,0,0.0,0.1,0.0,1,8,1,0,14
Jan Schöppner,de GER,MF,Heidenheim,24-221,1999,7.0,127,203,62.6,2050,638,67,99,67.7,45,68,66.2,11,20,55.0,0,0.4,0.2,-0.4,4,7,2,0,19
Marcel Schuhen,de GER,GK,Darmstadt 98,31-006,1993,16.0,599,826,72.5,16617,11831,105,105,100.0,302,307,98.4,191,410,46.6,0,0.0,0.1,0.0,0,22,2,0,4
Marvin Schwäbe,de GER,GK,Köln,28-269,1995,17.0,565,692,81.6,14283,9366,98,98,100.0,320,326,98.2,146,262,55.7,0,0.0,0.0,0.0,1,8,0,0,0
Nicolas Seiwald,at AUT,MF,RB Leipzig,22-260,2001,1.6,44,56,78.6,768,271,22,25,88.0,18,23,78.3,4,6,66.7,0,0.0,0.0,0.0,0,5,1,0,3
Davie Selke,de GER,FW,Köln,28-364,1995,12.0,124,197,62.9,1525,243,78,109,71.6,33,56,58.9,3,4,75.0,0,0.3,0.2,-0.3,9,8,3,0,13
Benjamin Šeško,si SVN,FW,RB Leipzig,20-233,2003,4.6,75,110,68.2,862,132,55,70,78.6,12,18,66.7,3,7,42.9,0,0.3,0.2,-0.3,4,1,2,0,5
Kevin Sessa,de GER,"MF,FW",Heidenheim,23-197,2000,2.9,80,113,70.8,1279,384,38,48,79.2,31,40,77.5,7,13,53.8,0,0.2,0.3,-0.2,3,8,5,0,15
Aaron Seydel,de GER,FW,Darmstadt 98,27-346,1996,2.9,41,71,57.7,621,142,22,37,59.5,15,25,60.0,2,3,66.7,0,0.2,0.1,-0.2,3,6,1,0,7
Tim Siersleben,de GER,DF,Heidenheim,23-316,2000,9.0,414,508,81.5,9174,3976,110,126,87.3,226,248,91.1,78,129,60.5,0,0.5,0.4,-0.5,3,37,0,0,44
Kiliann Sildillia,fr FRA,DF,Freiburg,21-248,2002,12.5,515,720,71.5,9308,3305,236,279,84.6,205,285,71.9,65,119,54.6,1,0.8,1.2,+0.2,11,40,15,8,43
Mohamed Simakan,fr FRA,DF,RB Leipzig,23-261,2000,15.7,1004,1136,88.4,18244,6282,381,418,91.1,547,583,93.8,68,116,58.6,1,1.2,1.0,-0.2,7,94,1,0,78
Xavi Simons,nl NED,MF,RB Leipzig,20-273,2003,15.1,556,713,78.0,8605,2348,314,359,87.5,178,221,80.5,45,79,57.0,7,4.0,4.4,+3.0,38,49,31,1,85
Tim Skarke,de GER,"FW,MF",Darmstadt 98,27-134,1996,13.0,300,415,72.3,5214,1302,144,170,84.7,117,155,75.5,33,58,56.9,0,0.7,0.8,-0.7,10,15,12,6,33
Ellyes Skhiri,tn TUN,MF,Eint Frankfurt,28-254,1995,13.3,634,758,83.6,10158,3130,318,350,90.9,252,289,87.2,44,73,60.3,1,0.8,1.4,+0.2,14,47,11,0,64
Robert Skov,dk DEN,"DF,FW",Hoffenheim,27-244,1996,9.3,304,421,72.2,5672,2111,120,140,85.7,140,176,79.5,40,78,51.3,3,1.6,0.8,+1.4,14,29,7,3,35
Hrvoje Smolčić,hr CRO,DF,Eint Frankfurt,23-155,2000,2.8,193,220,87.7,3664,1307,54,65,83.1,120,128,93.8,16,23,69.6,0,0.0,0.0,0.0,1,8,0,0,7
Danilo Soares,br BRA,DF,Bochum,32-082,1991,3.9,124,179,69.3,2028,942,65,75,86.7,50,79,63.3,8,20,40.0,0,0.1,0.1,-0.1,3,12,3,0,15
Borna Sosa,hr CRO,"FW,DF",Stuttgart,25-363,1998,0.5,27,43,62.8,481,122,16,17,94.1,7,13,53.8,4,11,36.4,0,0.3,0.1,-0.3,3,2,0,0,2
Anton Stach,de GER,MF,Hoffenheim,25-065,1998,12.5,484,608,79.6,7838,2394,247,282,87.6,184,224,82.1,39,74,52.7,0,1.5,0.9,-1.5,6,59,13,2,64
Anton Stach,de GER,MF,Mainz 05,25-065,1998,1.9,43,68,63.2,639,168,26,37,70.3,12,20,60.0,3,7,42.9,0,0.1,0.1,-0.1,2,7,1,0,8
Jens Stage,dk DEN,MF,Werder Bremen,27-072,1996,15.9,468,623,75.1,7631,2446,236,304,77.6,198,248,79.8,27,44,61.4,1,1.0,1.0,0.0,15,42,6,2,50
Josip Stanišić,hr CRO,DF,Leverkusen,23-292,2000,3.8,279,308,90.6,4318,1539,159,166,95.8,95,103,92.2,22,29,75.9,0,0.4,0.4,-0.4,5,28,5,1,30
Niklas Stark,de GER,DF,Werder Bremen,28-280,1995,7.4,308,396,77.8,6425,2966,82,106,77.4,184,206,89.3,42,77,54.5,0,0.0,0.1,0.0,0,18,2,0,20
Pascal Stenzel,de GER,DF,Stuttgart,27-305,1996,8.9,515,598,86.1,10050,2984,210,230,91.3,215,245,87.8,84,105,80.0,3,2.0,1.7,+1.0,10,51,18,6,65
Leonidas Stergiou,ch SUI,DF,Stuttgart,21-322,2002,0.5,24,29,82.8,303,117,20,22,90.9,4,5,80.0,0,1,0.0,0,0.0,0.0,0.0,0,1,1,0,2
Angelo Stiller,de GER,MF,Hoffenheim,22-290,2001,0.9,36,43,83.7,683,273,17,19,89.5,13,13,100.0,5,7,71.4,0,0.0,0.1,0.0,1,7,1,1,7
Angelo Stiller,de GER,MF,Stuttgart,22-290,2001,14.2,972,1093,88.9,15752,4818,464,497,93.4,408,429,95.1,64,111,57.7,3,2.4,3.3,+0.6,25,116,14,2,110
Kevin Stöger,at AUT,MF,Bochum,30-145,1993,14.1,613,928,66.1,11562,4631,268,351,76.4,241,340,70.9,90,185,48.6,4,3.4,4.2,+0.6,46,97,36,9,140
Filip Stojilković,ch SUI,"FW,MF",Darmstadt 98,24-015,2000,1.7,10,21,47.6,176,45,3,8,37.5,7,12,58.3,0,0,,0,0.0,0.0,0.0,0,2,1,0,3
Niklas Süle,de GER,DF,Dortmund,28-138,1995,6.9,561,606,92.6,10712,3172,205,215,95.3,298,314,94.9,53,68,77.9,0,0.1,0.4,-0.1,4,33,4,1,43
Mattias Svanberg,se SWE,MF,Wolfsburg,25-014,1999,13.6,391,548,71.4,6116,2094,196,239,82.0,149,198,75.3,25,63,39.7,3,1.4,1.5,+1.6,18,42,12,1,64
Attila Szalai,hu HUN,DF,Hoffenheim,25-364,1998,3.2,131,178,73.6,2249,1119,53,62,85.5,63,77,81.8,10,30,33.3,0,0.5,0.8,-0.5,2,10,2,1,13
Jonathan Tah,de GER,DF,Leverkusen,27-342,1996,14.5,961,1021,94.1,15166,6365,485,497,97.6,418,448,93.3,38,50,76.0,0,0.1,0.3,-0.1,2,63,1,0,53
Edmond Tapsoba,bf BFA,DF,Leverkusen,24-351,1999,13.0,1046,1130,92.6,17239,7601,519,543,95.6,438,462,94.8,66,90,73.3,0,0.8,0.8,-0.8,4,87,5,0,85
Mathys Tel,fr FRA,"FW,MF",Bayern Munich,18-267,2005,2.6,85,103,82.5,1217,217,51,55,92.7,28,36,77.8,3,4,75.0,2,0.3,0.8,+1.7,2,3,4,1,7
Nathan Tella,ng NGA,DF,Leverkusen,24-198,1999,0.9,38,47,80.9,537,170,25,27,92.6,11,13,84.6,2,5,40.0,0,0.5,0.3,-0.5,1,4,3,0,6
Norman Theuerkauf,de GER,"MF,DF",Heidenheim,36-360,1987,8.6,209,277,75.5,4216,1549,79,94,84.0,92,115,80.0,34,51,66.7,1,0.3,0.4,+0.7,5,13,2,0,25
Jan Thielmann,de GER,"FW,MF",Köln,21-238,2002,5.9,121,190,63.7,1941,567,62,87,71.3,48,65,73.8,9,20,45.0,0,0.3,0.4,-0.3,4,9,4,2,25
Denis Thomalla,de GER,"MF,FW",Heidenheim,31-156,1992,3.9,125,162,77.2,2206,618,56,73,76.7,48,61,78.7,16,18,88.9,0,0.3,0.7,-0.3,3,9,3,0,19
Phillip Tietz,de GER,FW,Augsburg,26-194,1997,12.6,153,252,60.7,2113,489,92,131,70.2,46,71,64.8,6,14,42.9,2,1.2,0.9,+0.8,15,12,3,0,17
Steffen Tigges,de GER,"FW,MF",Köln,25-172,1998,4.4,57,100,57.0,788,171,30,53,56.6,22,34,64.7,1,3,33.3,0,0.4,0.2,-0.4,6,5,2,0,6
Umut Tohumcu,de GER,MF,Hoffenheim,19-161,2004,2.4,62,69,89.9,853,260,40,43,93.0,21,22,95.5,1,2,50.0,1,0.4,0.7,+0.6,2,5,3,0,9
Tiago Tomás,pt POR,"FW,MF",Wolfsburg,21-217,2002,6.7,110,170,64.7,1569,296,66,83,79.5,31,55,56.4,8,15,53.3,0,0.3,0.6,-0.3,6,1,8,0,13
Fabio Torsiello,it ITA,"FW,DF",Darmstadt 98,18-351,2005,0.3,5,5,100.0,96,27,3,3,100.0,1,1,100.0,1,1,100.0,0,0.0,0.1,0.0,0,1,1,1,1
Lucas Tousart,fr FRA,MF,Union Berlin,26-265,1997,3.4,84,119,70.6,1349,417,40,53,75.5,34,44,77.3,7,12,58.3,0,0.4,0.1,-0.4,3,8,0,0,8
Omar Traoré,de GER,DF,Heidenheim,25-349,1998,12.6,417,576,72.4,7156,3095,198,230,86.1,180,232,77.6,34,76,44.7,1,0.7,0.8,+0.3,9,25,11,6,36
Kevin Trapp,de GER,GK,Eint Frankfurt,33-195,1990,16.0,456,606,75.2,10600,6928,134,134,100.0,218,221,98.6,103,246,41.9,0,0.0,0.0,0.0,0,0,0,0,0
Christopher Trimmel,at AUT,"DF,MF",Union Berlin,36-329,1987,8.4,288,445,64.7,5463,2272,124,149,83.2,113,157,72.0,46,115,40.0,1,0.8,1.5,+0.2,19,30,12,6,40
Tuta,br BRA,DF,Eint Frankfurt,24-199,1999,15.0,887,1049,84.6,16177,6021,353,385,91.7,466,507,91.9,62,122,50.8,1,1.2,0.7,-0.2,5,55,7,0,57
Lukas Ullrich,de GER,DF,M'Gladbach,19-309,2004,0.2,4,11,36.4,68,8,2,3,66.7,2,2,100.0,0,3,0.0,0,0.0,0.0,0.0,0,0,0,0,0
Sven Ulreich,de GER,GK,Bayern Munich,35-169,1988,8.0,244,295,82.7,5193,3505,73,74,98.6,130,132,98.5,40,88,45.5,0,0.0,0.0,0.0,1,2,0,0,0
Deniz Undav,de GER,FW,Stuttgart,27-184,1996,9.7,232,308,75.3,3272,903,126,149,84.6,76,95,80.0,10,18,55.6,3,2.5,2.3,+0.5,14,21,14,1,38
Dayot Upamecano,fr FRA,DF,Bayern Munich,25-084,1998,12.7,1116,1192,93.6,22197,6695,337,350,96.3,648,685,94.6,126,142,88.7,0,0.4,0.7,-0.4,3,94,1,0,79
Mark Uth,de GER,"MF,FW",Köln,32-148,1991,2.9,69,101,68.3,1114,319,37,39,94.9,18,26,69.2,9,19,47.4,0,0.7,0.5,-0.7,3,5,2,0,9
Josha Vagnoman,de GER,"DF,FW",Stuttgart,23-039,2000,3.9,145,168,86.3,1896,344,93,100,93.0,38,46,82.6,3,6,50.0,1,0.8,0.8,+0.2,3,4,2,0,7
Ruben Vargas,ch SUI,"MF,FW",Augsburg,25-167,1998,8.8,160,239,66.9,2617,732,78,97,80.4,64,92,69.6,13,29,44.8,1,1.0,1.3,0.0,13,8,8,2,24
Miloš Veljković,rs SRB,DF,Werder Bremen,28-115,1995,12.2,639,771,82.9,13814,4514,181,211,85.8,348,381,91.3,108,164,65.9,1,0.5,0.6,+0.5,3,35,9,4,47
Oscar Vilhelmsson,se SWE,"FW,MF",Darmstadt 98,20-109,2003,5.4,35,76,46.1,525,39,20,35,57.1,12,25,48.0,2,8,25.0,0,0.0,0.1,0.0,1,0,0,0,1
Kevin Vogt,de GER,DF,Hoffenheim,32-118,1991,14.7,813,939,86.6,17137,7528,237,252,94.0,413,460,89.8,146,201,72.6,0,0.1,0.4,-0.1,2,79,11,0,84
Kevin Vogt,de GER,DF,Union Berlin,32-118,1991,1.0,67,74,90.5,1333,465,18,18,100.0,42,43,97.7,7,11,63.6,0,0.0,0.0,0.0,0,1,0,0,2
Kevin Volland,de GER,"MF,FW",Union Berlin,31-173,1992,6.5,106,174,60.9,1600,580,62,83,74.7,27,45,60.0,9,21,42.9,3,1.5,1.0,+1.5,7,9,12,3,21
Aster Vranckx,be BEL,MF,Wolfsburg,21-107,2002,7.8,302,356,84.8,5279,1056,133,144,92.4,121,135,89.6,36,56,64.3,0,0.2,0.2,-0.2,4,22,4,2,31
Luca Waldschmidt,de GER,"MF,FW",Köln,27-245,1996,9.4,224,310,72.3,3587,969,100,125,80.0,96,123,78.0,16,31,51.6,0,1.0,1.3,-1.0,10,16,8,2,37
Wout Weghorst,nl NED,FW,Hoffenheim,31-165,1992,11.7,221,299,73.9,2807,477,139,175,79.4,57,78,73.1,8,12,66.7,0,1.7,1.4,-1.7,13,7,8,0,21
Julian Weigl,de GER,MF,M'Gladbach,28-133,1995,15.9,659,750,87.9,12106,3193,270,303,89.1,308,328,93.9,71,91,78.0,2,1.6,0.7,+0.4,12,57,5,0,60
Nelson Weiper,de GER,"FW,MF",Mainz 05,18-308,2005,1.2,21,34,61.8,248,37,12,15,80.0,5,10,50.0,0,0,,0,0.2,0.1,-0.2,2,2,1,0,2
Mitchell Weiser,de GER,"DF,FW",Werder Bremen,29-273,1994,16.4,617,837,73.7,9825,4044,331,396,83.6,235,305,77.0,37,80,46.3,4,1.7,2.9,+2.3,16,42,20,13,60
Noah Weißhaupt,de GER,"DF,MF",Freiburg,22-121,2001,5.9,210,277,75.8,3674,915,95,105,90.5,86,110,78.2,23,42,54.8,1,1.1,1.3,-0.1,14,10,11,9,17
Timo Werner,de GER,"FW,MF",RB Leipzig,27-319,1996,2.3,61,88,69.3,983,129,34,43,79.1,23,30,76.7,4,7,57.1,0,0.0,0.1,0.0,2,1,0,0,6
Silvan Widmer,ch SUI,"DF,FW",Mainz 05,30-320,1993,4.9,213,289,73.7,3558,1415,106,125,84.8,84,116,72.4,17,33,51.5,0,1.4,0.8,-1.4,6,22,6,3,24
Patrick Wimmer,at AUT,FW,Wolfsburg,22-234,2001,3.1,59,88,67.0,932,267,35,45,77.8,18,26,69.2,3,8,37.5,0,0.1,0.1,-0.1,4,6,1,0,7
Jonas Wind,dk DEN,FW,Wolfsburg,24-346,1999,16.6,244,356,68.5,3760,888,133,180,73.9,87,118,73.7,14,20,70.0,4,3.0,1.9,+1.0,20,18,12,0,43
Florian Wirtz,de GER,MF,Leverkusen,20-261,2003,14.3,807,974,82.9,10610,3132,521,589,88.5,209,242,86.4,30,43,69.8,7,4.0,5.2,+3.0,37,48,46,3,113
Maximilian Wittek,de GER,"DF,MF",Bochum,28-151,1995,5.5,194,292,66.4,3600,1653,74,96,77.1,91,130,70.0,23,53,43.4,1,0.5,1.2,+0.5,14,26,8,3,34
Maximilian Wöber,at AUT,DF,M'Gladbach,25-349,1998,14.7,784,962,81.5,14338,5490,307,340,90.3,408,467,87.4,65,129,50.4,2,1.0,0.8,+1.0,9,69,10,5,84
Marius Wolf,de GER,DF,Dortmund,28-237,1995,7.0,340,464,73.3,5653,2365,169,199,84.9,133,164,81.1,30,71,42.3,1,1.0,1.3,0.0,7,39,9,5,28
Nick Woltemade,de GER,"FW,MF",Werder Bremen,21-339,2002,3.0,89,112,79.5,1261,259,49,58,84.5,30,35,85.7,5,9,55.6,0,0.4,0.5,-0.4,6,6,4,0,9
Jeong Woo-yeong,kr KOR,MF,Stuttgart,24-121,1999,4.2,136,165,82.4,1734,376,90,106,84.9,29,34,85.3,6,7,85.7,2,0.9,1.1,+1.1,6,12,1,0,12
Granit Xhaka,ch SUI,MF,Leverkusen,31-114,1992,16.7,1610,1749,92.1,25183,7292,917,965,95.0,550,592,92.9,114,134,85.1,0,1.2,2.5,-1.2,21,189,27,0,198
Dan-Axel Zagadou,fr FRA,DF,Stuttgart,24-230,1999,14.1,1082,1238,87.4,19877,7851,416,447,93.1,543,597,91.0,104,161,64.6,0,0.1,0.3,-0.1,2,59,3,0,67
Robin Zentner,de GER,GK,Mainz 05,29-083,1994,13.0,313,433,72.3,8729,6106,63,63,100.0,133,136,97.8,115,229,50.2,0,0.0,0.0,0.0,0,3,0,0,1
Cedric Zesiger,ch SUI,DF,Wolfsburg,25-209,1998,10.4,590,703,83.9,11541,4069,169,181,93.4,370,403,91.8,47,92,51.1,0,0.0,0.1,0.0,0,38,0,0,49
Michael Zetterer,de GER,GK,Werder Bremen,28-191,1995,10.0,338,414,81.6,9546,6307,36,36,100.0,160,162,98.8,142,211,67.3,0,0.0,0.0,0.0,0,4,1,0,0
Christoph Zimmermann,de GER,DF,Darmstadt 98,31-007,1993,4.9,153,188,81.4,2905,918,60,64,93.8,79,90,87.8,14,30,46.7,0,0.0,0.0,0.0,0,10,0,0,9
Simon Zoller,de GER,"FW,MF",Bochum,32-207,1991,0.5,5,8,62.5,97,0,2,3,66.7,2,2,100.0,1,1,100.0,0,0.0,0.0,0.0,0,0,0,0,0
