Player,Nation,Pos,Squad,Age,Born,90s,Touches,Def Pen,Def 3rd,Mid 3rd,Att 3rd,Att Pen,Live,Att,Succ,Succ%,Tkld,Tkld%,Carries,TotDist,PrgDist,PrgC,1/3,CPA,Mis,Dis,Rec,PrgR
Brenden Aaronson,us USA,"MF,FW",Leeds United,21,2000,26.4,1143,12,116,495,554,72,1143,100,34,34.0,48,48.0,686,3646,1532,43,34,13,71,82,767,151
George Abbott,eng ENG,MF,Tottenham,16,2005,0.0,2,1,1,1,0,0,2,0,0,,0,,0,0,0,0,0,0,0,0,1,0
Che Adams,sct SCO,FW,Southampton,26,1996,22.1,717,29,66,286,377,103,717,33,16,48.5,13,39.4,405,1613,469,17,11,9,66,28,558,115
Tyler Adams,us USA,MF,Leeds United,23,1999,24.0,1628,44,376,1010,254,5,1628,22,7,31.8,12,54.5,818,3342,1555,19,21,0,28,18,919,20
Tosin Adarabioyo,eng ENG,DF,Fulham,24,1997,23.2,1544,231,776,732,46,19,1544,7,5,71.4,2,28.6,834,4470,2733,16,12,1,4,4,975,3
Nayef Aguerd,ma MAR,DF,West Ham,26,1996,17.7,949,161,563,358,35,23,949,6,4,66.7,0,0.0,523,2127,1137,2,1,0,8,7,564,4
Naouirou Ahamada,fr FRA,"MF,FW",Crystal Palace,20,2002,1.0,63,0,12,35,16,4,63,2,1,50.0,1,50.0,32,179,70,1,2,1,5,1,39,11
Rayan Aït Nouri,dz ALG,DF,Wolves,21,2001,12.0,740,40,240,279,233,28,740,50,28,56.0,18,36.0,395,2260,1244,30,13,10,28,12,454,76
Kristoffer Ajer,no NOR,DF,Brentford,24,1998,8.5,412,45,184,167,64,9,412,7,1,14.3,4,57.1,213,1123,613,10,5,0,3,8,231,12
Manuel Akanji,ch SUI,DF,Manchester City,27,1995,25.4,2231,121,815,1248,176,34,2231,12,6,50.0,3,25.0,1544,8443,5039,24,40,1,12,3,1734,17
Nathan Aké,nl NED,DF,Manchester City,27,1995,20.8,1959,86,615,1097,256,32,1959,5,3,60.0,1,20.0,1223,5455,3314,25,19,4,16,0,1492,30
Marc Albrighton,eng ENG,"FW,MF",Leicester City,32,1989,2.6,173,6,33,61,79,5,173,2,2,100.0,0,0.0,83,391,147,4,4,0,4,2,116,18
Thiago Alcántara,es ESP,MF,Liverpool,31,1991,13.9,1251,45,272,796,188,8,1251,30,21,70.0,4,13.3,718,3639,1721,13,21,0,13,22,910,24
Carlos Alcaraz,ar ARG,"MF,FW",Southampton,19,2002,11.4,430,14,73,234,130,23,430,28,13,46.4,11,39.3,258,1292,675,20,17,2,30,24,296,32
Trent Alexander-Arnold,eng ENG,DF,Liverpool,23,1998,32.5,3180,89,737,1631,837,44,3180,45,30,66.7,13,28.9,1778,6848,3312,43,39,8,35,21,2042,139
Alisson,br BRA,GK,Liverpool,29,1992,37.0,1536,1124,1498,39,0,0,1536,2,2,100.0,0,0.0,985,4654,2962,0,0,0,1,0,901,0
Dele Alli,eng ENG,MF,Everton,26,1996,0.4,20,0,1,8,11,2,20,1,0,0.0,1,100.0,11,30,3,0,0,0,3,1,14,1
Miguel Almirón,py PAR,FW,Newcastle Utd,28,1994,27.7,1300,25,147,417,760,138,1300,79,34,43.0,33,41.8,841,5389,2341,77,46,25,51,28,924,264
Julián Álvarez,ar ARG,"FW,MF",Manchester City,22,2000,16.3,654,8,46,255,360,89,653,38,21,55.3,14,36.8,406,2187,908,38,18,17,28,24,506,99
Daniel Amartey,gh GHA,DF,Leicester City,27,1994,17.9,1279,185,658,578,46,9,1279,5,2,40.0,2,40.0,779,3720,2275,23,11,0,8,4,909,5
Samuel Amo-Ameyaw,eng ENG,MF,Southampton,16,2006,0.0,8,0,1,5,3,0,8,4,3,75.0,1,25.0,4,70,64,2,0,0,0,0,5,0
Joachim Andersen,dk DEN,DF,Crystal Palace,26,1996,30.9,2303,355,1232,996,89,39,2303,9,5,55.6,4,44.4,1318,6889,3787,16,8,2,8,3,1498,7
Elliot Anderson,sct SCO,"MF,FW",Newcastle Utd,19,2002,4.6,286,7,44,99,151,39,286,29,10,34.5,13,44.8,160,970,522,23,15,12,9,10,182,35
Jaidon Anthony,eng ENG,"MF,FW",Bournemouth,22,1999,14.0,717,23,150,271,304,33,717,47,15,31.9,30,63.8,423,2449,1032,31,25,13,25,27,464,72
Michail Antonio,jm JAM,FW,West Ham,32,1990,20.3,596,15,39,262,308,80,596,65,26,40.0,29,44.6,375,2589,1243,49,26,18,76,45,476,120
Antony,br BRA,FW,Manchester Utd,22,2000,20.0,1066,12,134,348,609,85,1066,77,30,39.0,38,49.4,763,4783,2569,95,60,32,37,12,813,168
Cameron Archer,eng ENG,"FW,MF",Aston Villa,21,2001,0.5,15,0,1,8,7,3,15,1,1,100.0,0,0.0,15,114,72,3,1,1,2,3,13,3
Alphonse Areola,fr FRA,GK,West Ham,29,1993,3.4,98,91,98,0,0,0,98,0,0,,0,,53,253,153,0,0,0,0,0,42,0
Joe Aribo,ng NGA,"MF,FW",Southampton,26,1996,13.6,566,14,87,269,222,46,566,39,17,43.6,21,53.8,294,1294,615,19,10,7,35,22,354,64
Adam Armstrong,eng ENG,"FW,MF",Southampton,25,1997,14.8,458,11,71,176,222,46,458,43,13,30.2,25,58.1,255,2338,996,39,29,11,24,22,273,70
Stuart Armstrong,sct SCO,"MF,FW",Southampton,30,1992,15.6,864,21,133,403,341,37,864,52,22,42.3,21,40.4,539,3859,1910,61,45,10,28,28,596,88
Kepa Arrizabalaga,es ESP,GK,Chelsea,27,1994,28.5,1119,892,1103,16,0,0,1119,1,1,100.0,0,0.0,654,2898,1683,0,0,0,1,0,604,0
Pierre-Emerick Aubameyang,ga GAB,FW,Chelsea,33,1989,6.2,161,7,16,69,79,23,161,5,3,60.0,2,40.0,86,529,259,9,6,4,11,4,116,29
Ludwig Augustinsson,se SWE,DF,Aston Villa,28,1994,0.9,51,3,19,15,17,2,51,1,0,0.0,1,100.0,29,180,27,0,2,0,0,0,21,3
Serge Aurier,ci CIV,DF,Nott'ham Forest,29,1992,21.6,1238,107,484,505,263,13,1238,32,16,50.0,11,34.4,520,2394,1398,37,26,2,31,18,574,50
Taiwo Awoniyi,ng NGA,FW,Nott'ham Forest,24,1997,15.6,435,22,62,177,203,55,435,22,7,31.8,12,54.5,246,1269,530,18,13,9,68,29,284,55
Yasin Ayari,se SWE,MF,Brighton,18,2003,0.7,30,0,5,18,8,1,30,1,0,0.0,0,0.0,19,76,44,0,0,0,2,0,25,2
André Ayew,gh GHA,"FW,MF",Nott'ham Forest,32,1989,3.5,106,11,15,49,42,8,105,6,1,16.7,4,66.7,40,271,102,3,3,2,3,4,62,16
Jordan Ayew,gh GHA,"FW,MF",Crystal Palace,30,1991,30.2,1327,46,192,611,560,98,1327,149,65,43.6,59,39.6,801,5195,2372,83,50,31,107,83,932,174
Luke Ayling,eng ENG,DF,Leeds United,30,1991,22.8,1413,79,466,578,390,56,1413,33,13,39.4,17,51.5,648,2963,1480,28,20,4,23,12,700,100
César Azpilicueta,es ESP,DF,Chelsea,32,1989,17.0,1245,84,424,510,319,25,1245,13,7,53.8,5,38.5,612,2691,1573,23,19,0,12,5,753,81
Benoît Badiashile,fr FRA,DF,Chelsea,21,2001,10.1,945,95,469,458,25,11,945,3,1,33.3,2,66.7,630,3020,1774,11,2,0,2,3,689,2
Leon Bailey,jm JAM,"FW,MF",Aston Villa,24,1997,21.9,813,16,91,283,456,89,813,111,40,36.0,55,49.5,520,4022,1703,85,33,38,48,53,561,182
Stefan Bajcetic,es ESP,MF,Liverpool,17,2004,5.8,324,6,66,189,74,5,324,16,7,43.8,4,25.0,175,990,450,10,7,0,7,6,204,1
Dominic Ballard,eng ENG,"FW,MF",Southampton,17,2005,0.3,11,0,2,4,5,0,11,2,0,0.0,1,50.0,6,25,10,1,0,0,3,1,7,1
Patrick Bamford,eng ENG,FW,Leeds United,28,1993,16.8,550,19,34,257,266,83,548,34,11,32.4,19,55.9,290,1186,447,17,17,13,56,21,386,96
Shandon Baptiste,gd GRN,MF,Brentford,24,1998,6.9,373,12,87,196,97,7,373,13,6,46.2,3,23.1,240,1097,507,8,12,3,16,8,247,23
Harvey Barnes,eng ENG,"FW,MF",Leicester City,24,1997,30.1,1143,17,128,435,600,133,1143,91,27,29.7,53,58.2,734,5174,2749,100,72,48,75,42,900,257
Gavin Bazunu,ie IRL,GK,Southampton,20,2002,32.0,1253,910,1234,19,0,0,1253,0,0,,0,,746,3699,2072,0,0,0,0,0,599,0
Mads Bech Sørensen,dk DEN,"DF,MF",Brentford,23,1999,0.2,14,1,4,8,2,0,14,0,0,,0,,2,3,0,0,0,0,0,0,5,0
Jan Bednarek,pl POL,DF,Southampton,26,1996,18.6,1127,205,635,460,37,14,1127,2,1,50.0,1,50.0,579,2671,1580,8,1,0,2,1,605,2
Jan Bednarek,pl POL,DF,Aston Villa,26,1996,1.1,79,9,39,40,1,0,79,0,0,,0,,47,291,177,1,0,0,0,0,53,0
Donny van de Beek,nl NED,MF,Manchester Utd,25,1997,1.9,72,1,3,23,46,11,72,3,2,66.7,1,33.3,39,148,85,2,3,0,2,2,53,20
Asmir Begović,ba BIH,GK,Everton,35,1987,1.0,33,31,33,0,0,0,33,0,0,,0,,19,75,47,0,0,0,0,0,13,0
Armel Bella Kotchap,de GER,DF,Southampton,20,2001,20.9,1211,209,654,519,46,22,1211,11,4,36.4,3,27.3,697,3570,1899,9,12,2,9,6,682,2
Saïd Benrahma,dz ALG,"FW,MF",West Ham,26,1995,23.0,1091,16,131,399,583,94,1087,123,51,41.5,56,45.5,699,5281,2705,109,54,44,53,42,800,237
Rodrigo Bentancur,uy URU,MF,Tottenham,25,1997,16.7,1071,52,295,612,175,19,1071,34,21,61.8,11,32.4,581,3001,1444,26,14,1,22,17,732,19
Daniel Bentley,eng ENG,GK,Wolves,29,1993,2.0,87,83,87,0,0,0,87,0,0,,0,,29,193,133,0,0,0,0,0,34,0
Victor Bernth Kristiansen,dk DEN,DF,Leicester City,19,2002,9.9,607,33,234,255,123,4,607,15,7,46.7,5,33.3,278,1494,714,17,8,0,10,10,302,24
Owen Bevan,wls WAL,DF,Bournemouth,18,2003,0.1,3,0,3,0,0,0,3,0,0,,0,,1,0,0,0,0,0,0,0,1,0
Giulian Biancone,fr FRA,DF,Nott'ham Forest,22,2000,0.2,25,2,19,5,1,0,25,0,0,,0,,10,76,61,2,1,0,0,0,13,1
Philip Billing,dk DEN,"MF,FW",Bournemouth,26,1996,30.7,1410,76,334,666,428,71,1410,47,26,55.3,15,31.9,727,3695,1690,37,31,6,42,35,900,101
Yves Bissouma,ml MLI,MF,Tottenham,25,1996,11.2,826,23,164,536,127,2,826,9,7,77.8,2,22.2,504,2761,1143,14,13,1,16,8,613,10
Willy Boly,ci CIV,DF,Nott'ham Forest,31,1991,7.6,353,69,239,101,15,9,353,2,1,50.0,0,0.0,171,769,355,1,1,0,2,0,182,0
Sven Botman,nl NED,DF,Newcastle Utd,22,2000,34.7,2074,338,1188,801,95,53,2074,1,1,100.0,0,0.0,1171,5259,2810,8,5,2,10,2,1347,5
Jarrod Bowen,eng ENG,"FW,MF",West Ham,25,1996,35.9,1318,32,186,451,693,157,1316,118,36,30.5,55,46.6,732,5577,2208,102,45,56,70,55,793,213
James Bree,eng ENG,DF,Southampton,24,1997,4.1,213,18,71,67,75,2,213,3,2,66.7,1,33.3,93,352,131,4,4,0,3,2,111,12
Armando Broja,al ALB,FW,Chelsea,20,2001,3.3,110,2,7,41,63,16,110,15,8,53.3,5,33.3,54,399,199,8,1,5,15,9,71,17
David Brooks,wls WAL,"FW,MF",Bournemouth,25,1997,1.9,93,8,19,35,39,9,93,9,2,22.2,7,77.8,61,270,120,5,2,2,4,4,65,10
Lewis Brunt,eng ENG,DF,Leicester City,21,2000,0.3,23,1,8,12,3,0,23,0,0,,0,,9,30,4,0,0,0,0,0,13,2
Emi Buendía,ar ARG,"MF,FW",Aston Villa,25,1996,26.8,1336,38,202,634,516,93,1336,59,27,45.8,26,44.1,829,3957,1970,60,46,19,63,58,955,137
Hugo Bueno,es ESP,DF,Wolves,19,2002,14.6,835,53,318,275,249,14,835,33,13,39.4,14,42.4,396,2714,1422,52,29,4,16,11,446,64
Facundo Buonanotte,ar ARG,"FW,MF",Brighton,17,2004,6.3,258,8,33,114,115,19,258,19,7,36.8,9,47.4,182,1018,424,9,5,2,10,2,202,42
Dan Burn,eng ENG,DF,Newcastle Utd,30,1992,34.6,2073,158,786,940,358,62,2073,25,11,44.0,12,48.0,926,4329,2196,29,22,5,34,9,1116,46
Cafú,pt POR,MF,Nott'ham Forest,29,1993,0.1,3,1,2,1,0,0,3,0,0,,0,,2,12,7,0,0,0,0,0,1,0
Moisés Caicedo,ec ECU,MF,Brighton,20,2001,34.9,2603,91,555,1520,558,28,2603,54,28,51.9,21,38.9,1507,6220,2876,38,32,6,39,23,1891,61
Tom Cairney,sct SCO,MF,Fulham,31,1991,11.0,871,10,127,425,332,31,871,21,9,42.9,8,38.1,573,3124,1516,34,27,6,23,21,667,57
Duje Ćaleta-Car,hr CRO,DF,Southampton,25,1996,10.5,695,136,416,268,15,9,695,2,2,100.0,0,0.0,387,1829,993,5,1,0,1,2,429,0
Dominic Calvert-Lewin,eng ENG,FW,Everton,25,1997,12.9,376,20,39,143,200,59,375,28,15,53.6,10,35.7,186,972,405,18,11,10,40,12,286,56
Chem Campbell,wls WAL,"FW,MF",Wolves,19,2002,0.8,47,1,6,19,23,5,47,4,2,50.0,2,50.0,39,303,70,2,6,1,3,6,36,10
João Cancelo,pt POR,DF,Manchester City,28,1994,14.2,1363,20,225,686,461,47,1363,60,30,50.0,23,38.3,838,4860,2808,72,39,21,18,14,1020,125
Thomas Cannon,ie IRL,FW,Everton,19,2002,0.3,8,0,0,2,6,4,8,1,0,0.0,0,0.0,6,34,7,1,0,0,0,0,7,2
Sergi Canós,es ESP,"FW,DF",Brentford,25,1997,0.9,57,1,13,25,20,2,57,6,4,66.7,2,33.3,29,206,111,4,2,0,0,0,36,7
Diego Carlos,br BRA,DF,Aston Villa,29,1993,2.3,156,11,54,94,11,4,156,0,0,,0,,100,348,193,1,3,0,2,0,111,0
Fabio Carvalho,pt POR,"MF,FW",Liverpool,19,2002,3.9,193,2,31,75,91,26,193,6,2,33.3,3,50.0,122,568,255,9,9,2,11,15,145,26
Casemiro,br BRA,MF,Manchester Utd,30,1992,23.6,1758,110,531,949,293,24,1758,20,9,45.0,8,40.0,850,2828,1404,14,17,1,18,14,1103,34
Matty Cash,pl POL,DF,Aston Villa,24,1997,20.2,1215,76,423,545,258,11,1215,33,16,48.5,9,27.3,610,3143,1677,42,33,4,24,7,652,57
Timothy Castagne,be BEL,DF,Leicester City,26,1995,36.2,2237,158,820,920,508,52,2237,30,11,36.7,14,46.7,989,4010,1994,39,23,5,32,17,1246,149
Jonny Castro,es ESP,DF,Wolves,28,1994,14.0,1004,53,343,444,227,13,1004,32,14,43.8,15,46.9,499,2623,1495,24,18,4,16,13,600,46
Julio César Enciso,py PAR,"FW,MF",Brighton,18,2004,9.0,395,2,22,154,228,49,395,63,31,49.2,25,39.7,241,1769,1013,39,29,17,19,20,292,74
Nathaniel Chalobah,eng ENG,MF,Fulham,27,1994,0.1,11,4,5,3,3,1,11,0,0,,0,,6,16,8,0,1,0,1,1,8,0
Trevoh Chalobah,eng ENG,DF,Chelsea,23,1999,17.9,1369,135,602,604,167,23,1369,10,8,80.0,1,10.0,784,2679,1393,17,13,1,6,5,973,27
Calum Chambers,eng ENG,"DF,MF",Aston Villa,27,1995,3.9,245,30,119,96,32,2,245,0,0,,0,,139,794,540,6,4,0,2,1,149,2
Shea Charles,nir NIR,DF,Manchester City,18,2003,0.3,32,5,14,18,0,0,32,0,0,,0,,20,116,43,1,0,0,0,1,19,0
Ben Chilwell,eng ENG,"DF,MF",Chelsea,25,1996,15.6,1133,23,284,426,426,36,1133,23,8,34.8,12,52.2,629,3401,1852,43,36,8,25,18,722,131
Ryan Christie,sct SCO,"MF,FW",Bournemouth,27,1995,20.4,940,39,187,421,350,61,940,86,37,43.0,42,48.8,559,3396,1462,39,34,13,49,33,592,71
Carney Chukwuemeka,eng ENG,"MF,FW",Chelsea,18,2003,3.9,262,5,47,106,112,17,262,11,6,54.5,5,45.5,154,1165,718,21,14,3,11,3,184,21
Bobby Clark,eng ENG,MF,Liverpool,17,2005,0.1,7,0,0,0,7,1,7,1,0,0.0,1,100.0,3,3,0,0,0,0,2,0,3,2
Nathaniel Clyne,eng ENG,DF,Crystal Palace,31,1991,18.2,971,44,313,475,186,3,971,12,5,41.7,5,41.7,423,1778,896,14,10,1,12,3,531,29
Conor Coady,eng ENG,DF,Everton,29,1993,23.3,1363,238,795,547,29,10,1363,3,0,0.0,2,66.7,882,4154,2414,4,4,0,6,2,984,1
Jack Colback,eng ENG,MF,Nott'ham Forest,32,1989,5.5,189,16,65,100,27,1,189,4,3,75.0,0,0.0,75,404,210,5,5,0,5,1,88,3
Séamus Coleman,ie IRL,DF,Everton,33,1988,18.4,990,81,334,416,246,21,990,36,16,44.4,15,41.7,457,2049,925,13,10,3,30,6,481,37
Nathan Collins,ie IRL,DF,Wolves,21,2001,20.2,1339,208,801,500,45,13,1339,8,7,87.5,0,0.0,724,3470,1799,11,9,2,9,8,922,5
Levi Colwill,eng ENG,DF,Brighton,19,2003,13.6,1263,144,569,646,51,11,1263,1,1,100.0,0,0.0,845,4646,2952,16,10,0,7,4,921,3
Lewis Cook,eng ENG,MF,Bournemouth,25,1997,19.1,935,67,290,472,184,9,935,19,7,36.8,10,52.6,426,2198,819,9,18,1,15,16,517,10
Steve Cook,eng ENG,DF,Nott'ham Forest,31,1991,10.6,559,100,321,220,19,10,559,1,1,100.0,0,0.0,284,1293,577,1,3,0,3,2,350,0
Liam Cooper,sct SCO,DF,Leeds United,30,1991,15.8,970,103,499,440,37,21,970,4,1,25.0,1,25.0,477,2172,913,3,3,1,9,1,501,2
Maxwel Cornet,ci CIV,FW,West Ham,25,1996,2.7,140,3,18,50,72,11,140,5,2,40.0,3,60.0,83,310,140,9,2,5,9,5,103,26
Diego Costa,es ESP,FW,Wolves,33,1988,13.8,335,19,37,140,161,59,335,10,5,50.0,5,50.0,180,1019,342,19,9,11,23,26,245,60
Vladimír Coufal,cz CZE,DF,West Ham,29,1992,23.7,1433,104,435,580,424,21,1433,17,3,17.6,6,35.3,578,3284,1710,53,33,2,25,21,665,109
Philippe Coutinho,br BRA,"MF,FW",Aston Villa,30,1992,8.8,500,2,34,259,213,24,500,34,14,41.2,15,44.1,309,1747,739,18,28,5,23,17,369,68
Conor Coventry,ie IRL,"MF,FW",West Ham,22,2000,0.0,0,0,0,0,0,0,0,0,0,,0,,0,0,0,0,0,0,0,0,0,0
Matthew Craig,sct SCO,MF,Tottenham,19,2003,0.2,10,1,3,5,2,0,10,0,0,,0,,5,20,6,0,1,0,0,0,6,0
Aaron Cresswell,eng ENG,DF,West Ham,32,1989,24.8,1607,97,507,668,438,13,1607,7,2,28.6,4,57.1,766,3497,1751,35,26,1,6,6,960,82
Marc Cucurella,es ESP,DF,Chelsea,24,1998,18.6,1490,63,470,672,358,12,1490,14,5,35.7,6,42.9,787,3205,1797,30,20,2,14,6,906,65
Matheus Cunha,br BRA,FW,Wolves,23,1999,10.7,372,14,66,170,147,45,372,39,26,66.7,8,20.5,195,1119,459,16,6,7,31,13,224,43
Patson Daka,zm ZAM,FW,Leicester City,23,1998,13.2,444,13,42,175,230,58,444,18,7,38.9,8,44.4,207,1090,461,18,8,11,46,19,288,82
Diogo Dalot,pt POR,DF,Manchester Utd,23,1999,23.9,1673,125,580,714,390,38,1673,35,21,60.0,7,20.0,878,4258,2161,46,32,12,18,5,994,85
Mikkel Damsgaard,dk DEN,"MF,FW",Brentford,22,2000,11.0,529,9,104,268,166,27,529,23,9,39.1,9,39.1,279,1075,574,9,9,1,15,6,307,45
Danilo,br BRA,MF,Nott'ham Forest,21,2001,10.8,383,26,118,182,92,21,383,19,14,73.7,4,21.1,171,815,439,13,9,6,20,8,171,22
Arnaut Danjuma,nl NED,"FW,MF",Tottenham,25,1997,1.9,72,1,5,35,32,8,72,6,3,50.0,3,50.0,44,233,128,5,2,2,1,3,58,19
Josh Dasilva,eng ENG,MF,Brentford,23,1998,15.4,770,17,144,342,298,32,770,56,32,57.1,15,26.8,536,3392,1631,60,43,9,28,28,562,69
Ben Davies,wls WAL,DF,Tottenham,29,1993,25.4,1482,95,514,749,223,29,1482,15,5,33.3,7,46.7,835,4386,2692,39,33,4,11,5,1012,69
Tom Davies,eng ENG,MF,Everton,24,1998,6.0,309,13,74,183,54,15,309,6,3,50.0,3,50.0,150,616,253,2,1,0,17,4,201,13
Craig Dawson,eng ENG,DF,West Ham,32,1990,8.0,380,53,211,142,28,14,380,1,0,0.0,1,100.0,193,1042,600,0,5,0,2,4,216,1
Craig Dawson,eng ENG,DF,Wolves,32,1990,15.7,1084,182,619,437,32,15,1084,4,3,75.0,0,0.0,628,2615,1323,5,3,0,5,2,748,1
Kevin De Bruyne,be BEL,MF,Manchester City,31,1991,26.9,1860,13,100,743,1041,100,1860,61,32,52.5,19,31.1,1129,5721,3415,100,81,16,42,29,1445,245
Siriki Dembélé,ci CIV,"FW,MF",Bournemouth,25,1996,1.2,71,1,10,30,33,3,71,10,6,60.0,3,30.0,47,311,160,5,2,1,9,5,50,11
Leander Dendoncker,be BEL,MF,Aston Villa,27,1995,7.7,365,21,102,219,46,7,365,5,3,60.0,2,40.0,171,852,271,1,6,1,8,3,207,2
Leander Dendoncker,be BEL,MF,Wolves,27,1995,2.4,128,6,33,75,21,5,128,2,1,50.0,1,50.0,60,205,77,1,0,0,2,2,77,3
Emmanuel Dennis,ng NGA,"FW,MF",Nott'ham Forest,24,1997,8.0,335,5,55,118,177,40,335,53,18,34.0,26,49.1,211,1512,840,24,15,8,32,25,219,63
Halil Dervişoğlu,tr TUR,MF,Brentford,22,1999,0.1,1,0,0,0,1,0,1,0,0,,0,,2,13,0,0,0,1,0,1,2,0
Kiernan Dewsbury-Hall,eng ENG,MF,Leicester City,23,1998,25.6,1490,48,278,795,443,50,1490,74,40,54.1,26,35.1,903,5218,2559,68,36,16,73,32,1038,91
Ibrahima Diallo,fr FRA,MF,Southampton,23,1999,9.1,499,18,128,308,74,4,499,13,8,61.5,5,38.5,287,1445,710,9,4,0,16,9,294,6
Rúben Dias,pt POR,DF,Manchester City,25,1997,22.2,2237,176,881,1280,83,22,2237,10,8,80.0,1,10.0,1497,8194,5025,14,22,1,1,4,1791,2
Luis Díaz,co COL,FW,Liverpool,25,1997,11.1,618,4,47,247,336,77,618,65,32,49.2,25,38.5,440,2944,1303,39,31,22,30,37,500,116
Eric Dier,eng ENG,DF,Tottenham,28,1994,31.3,2274,370,1333,866,84,25,2274,6,3,50.0,2,33.3,1368,6183,2851,9,9,1,10,3,1600,14
Lucas Digne,fr FRA,DF,Aston Villa,29,1993,16.7,1096,64,365,396,342,24,1096,18,3,16.7,11,61.1,552,2363,1262,29,14,2,16,12,625,89
Issa Diop,fr FRA,DF,Fulham,25,1997,22.4,1606,191,828,762,28,9,1606,5,3,60.0,1,20.0,1026,6695,4194,13,5,0,10,1,1115,4
Moussa Djenepo,ml MLI,"DF,FW",Southampton,24,1998,7.9,358,16,103,158,102,16,358,42,19,45.2,17,40.5,197,1423,726,27,11,6,15,7,182,39
Ben Doak,sct SCO,FW,Liverpool,16,2005,0.3,22,0,4,10,10,2,22,4,0,0.0,4,100.0,16,182,51,1,3,2,1,0,15,4
Matt Doherty,ie IRL,"DF,MF",Tottenham,30,1992,7.4,500,27,144,184,172,24,500,12,5,41.7,4,33.3,247,953,443,16,5,2,12,3,306,57
Gabriel Dos Santos,br BRA,DF,Arsenal,24,1997,37.9,2776,307,1153,1419,215,53,2776,3,2,66.7,0,0.0,1746,8780,5471,18,43,3,19,4,1934,16
Abdoulaye Doucouré,ml MLI,MF,Everton,29,1993,17.0,713,18,156,327,242,45,713,33,20,60.6,11,33.3,371,1689,896,23,16,7,27,13,440,66
Cheick Doucouré,ml MLI,MF,Crystal Palace,22,2000,30.8,1577,94,444,894,255,15,1577,21,15,71.4,6,28.6,761,3761,1761,18,25,1,28,20,884,17
Flynn Downes,eng ENG,MF,West Ham,23,1999,8.5,405,14,74,265,68,5,405,2,1,50.0,0,0.0,224,1041,364,3,5,1,11,6,276,11
Kami Doyle,eng ENG,MF,Southampton,16,2005,0.1,6,0,2,3,1,0,6,1,0,0.0,1,100.0,4,12,1,0,0,0,0,1,7,0
Cody Drameh,eng ENG,DF,Leeds United,20,2001,0.8,44,1,7,26,11,0,44,1,1,100.0,0,0.0,17,48,10,0,1,0,1,1,23,3
Martin Dúbravka,sk SVK,GK,Newcastle Utd,33,1989,1.7,59,55,59,0,0,0,59,0,0,,0,,38,190,103,0,0,0,0,0,23,0
Shane Duffy,ie IRL,"DF,FW",Fulham,30,1992,0.2,22,3,13,9,1,1,22,1,1,100.0,0,0.0,9,41,18,0,0,0,1,0,12,0
Lewis Dunk,eng ENG,DF,Brighton,30,1991,36.0,3461,428,1665,1712,97,34,3461,5,4,80.0,0,0.0,2294,11410,6327,19,21,0,13,5,2586,5
Jhon Durán,co COL,"FW,MF",Aston Villa,18,2003,1.5,57,3,3,26,29,6,57,2,1,50.0,1,50.0,33,205,123,4,5,1,8,3,41,13
Malcolm Ebiowei,eng ENG,"MF,FW",Crystal Palace,18,2003,0.4,21,0,1,8,12,2,21,5,2,40.0,3,60.0,14,107,30,2,1,0,5,0,15,9
Ederson,br BRA,GK,Manchester City,28,1993,35.0,1302,1049,1295,9,0,0,1302,0,0,,0,,869,4059,2429,0,0,0,0,0,833,0
Odsonne Édouard,fr FRA,FW,Crystal Palace,24,1998,20.0,672,25,68,317,293,95,672,46,16,34.8,28,60.9,354,1637,633,29,21,21,60,51,479,100
Samuel Edozie,eng ENG,"FW,MF",Southampton,19,2003,6.3,278,4,48,86,148,32,278,37,12,32.4,16,43.2,183,1551,741,26,21,13,24,12,188,39
Anthony Elanga,se SWE,FW,Manchester Utd,20,2002,4.7,197,4,26,71,100,28,197,15,5,33.3,7,46.7,109,656,276,12,3,7,13,7,139,28
Harvey Elliott,eng ENG,"MF,FW",Liverpool,19,2003,17.9,1194,14,147,566,491,50,1194,42,19,45.2,15,35.7,759,3981,1943,54,40,10,26,23,867,129
Mohamed Elneny,eg EGY,MF,Arsenal,30,1992,1.3,63,2,11,42,11,0,63,0,0,,0,,38,134,37,1,0,0,0,0,49,1
Mohamed Elyounoussi,no NOR,"MF,FW",Southampton,27,1994,24.1,952,60,204,399,362,54,952,47,24,51.1,20,42.6,484,3141,1463,56,41,12,38,38,533,98
Emerson,br BRA,DF,Tottenham,23,1999,19.3,1323,101,481,505,346,46,1323,31,15,48.4,9,29.0,672,3662,2047,47,32,6,22,19,775,103
Christian Eriksen,dk DEN,MF,Manchester Utd,30,1992,22.8,1644,43,269,914,465,35,1644,17,8,47.1,9,52.9,967,3499,1756,23,24,3,24,19,1220,66
Pervis Estupiñán,ec ECU,DF,Brighton,24,1998,29.7,2211,82,506,1076,649,71,2211,42,19,45.2,18,42.9,1292,6134,3440,91,55,15,38,29,1434,183
Jonny Evans,nir NIR,DF,Leicester City,34,1988,11.7,906,137,474,424,9,2,906,0,0,,0,,529,2218,1206,6,4,0,5,0,629,0
Eberechi Eze,eng ENG,"MF,FW",Crystal Palace,24,1998,29.3,1515,20,212,735,602,84,1514,122,71,58.2,41,33.6,889,5017,2398,69,57,28,71,54,999,129
Łukasz Fabiański,pl POL,GK,West Ham,37,1985,34.6,1005,871,1000,5,0,0,1005,0,0,,0,,506,3330,2146,0,0,0,3,0,350,0
Fabinho,br BRA,MF,Liverpool,28,1993,29.7,2092,83,456,1314,325,21,2092,15,7,46.7,4,26.7,1184,4669,1913,15,28,1,17,12,1493,39
Wout Faes,be BEL,DF,Leicester City,24,1998,31.0,2177,357,1230,916,44,19,2177,12,9,75.0,3,25.0,1262,6476,3606,11,7,0,15,5,1436,2
Felipe,br BRA,DF,Nott'ham Forest,33,1989,15.8,798,163,477,275,59,36,798,18,14,77.8,3,16.7,391,2137,1182,3,3,0,12,4,386,4
João Félix,pt POR,"FW,MF",Chelsea,22,1999,10.5,497,0,30,223,249,46,497,60,22,36.7,28,46.7,326,2092,1099,34,40,9,22,8,399,79
Evan Ferguson,ie IRL,FW,Brighton,17,2004,10.6,344,10,27,165,155,39,344,14,8,57.1,5,35.7,203,884,309,11,4,8,29,20,256,58
Bruno Fernandes,pt POR,"MF,FW",Manchester Utd,27,1994,36.8,2407,68,386,966,1077,149,2405,66,32,48.5,28,42.4,1385,6213,3272,89,68,28,42,42,1689,231
Enzo Fernández,ar ARG,MF,Chelsea,21,2001,17.2,1616,45,351,1000,280,9,1616,32,17,53.1,13,40.6,1097,4757,2023,22,28,1,25,13,1257,18
Roberto Firmino,br BRA,"FW,MF",Liverpool,30,1991,13.5,735,3,69,375,295,84,735,24,13,54.2,10,41.7,423,1757,742,16,14,7,38,23,565,96
Junior Firpo,es ESP,DF,Leeds United,25,1996,15.2,792,48,286,368,146,13,792,15,6,40.0,9,60.0,352,1465,785,20,16,1,9,9,367,34
Phil Foden,eng ENG,FW,Manchester City,22,2000,20.5,1324,20,116,433,790,131,1324,81,40,49.4,31,38.3,891,4578,2141,68,43,25,34,29,1051,275
Datro Fofana,ci CIV,FW,Chelsea,19,2002,0.8,33,1,2,10,22,7,33,8,5,62.5,2,25.0,24,119,45,2,2,3,9,3,23,9
Wesley Fofana,fr FRA,DF,Leicester City,21,2000,2.0,169,11,68,97,7,3,169,3,2,66.7,0,0.0,116,647,365,3,5,2,3,0,115,1
Wesley Fofana,fr FRA,DF,Chelsea,21,2000,13.1,1013,97,424,509,85,10,1013,13,8,61.5,1,7.7,686,4198,2489,29,20,1,9,6,735,12
Pablo Fornals,es ESP,"FW,MF",West Ham,26,1996,16.7,918,16,145,424,360,36,918,21,10,47.6,10,47.6,501,2484,1255,33,24,12,21,15,616,101
Adam Forshaw,eng ENG,MF,Leeds United,30,1991,5.3,293,7,64,171,62,1,293,11,8,72.7,3,27.3,179,1085,360,4,8,0,6,8,186,7
Fraser Forster,eng ENG,GK,Tottenham,34,1988,13.5,395,352,392,3,0,0,395,0,0,,0,,203,1098,616,0,0,0,1,0,148,0
Tyrese Francois,au AUS,FW,Fulham,22,2000,0.0,5,0,1,3,1,0,5,0,0,,0,,1,0,0,0,0,0,1,0,2,1
Ryan Fraser,sct SCO,FW,Newcastle Utd,28,1994,3.5,147,1,18,51,80,9,147,2,1,50.0,0,0.0,94,600,322,8,7,1,7,1,107,23
Fred,br BRA,MF,Manchester Utd,29,1993,13.9,999,38,250,483,279,37,999,32,12,37.5,15,46.9,537,2158,1034,10,17,3,26,16,614,50
Ryan Fredericks,eng ENG,DF,Bournemouth,29,1992,5.9,279,33,88,109,84,7,279,10,3,30.0,5,50.0,120,725,395,13,9,2,4,3,152,28
Remo Freuler,ch SUI,MF,Nott'ham Forest,30,1992,24.0,1058,71,360,537,167,13,1058,12,6,50.0,4,33.3,491,2192,959,7,11,0,20,8,557,11
Cody Gakpo,nl NED,"FW,MF",Liverpool,23,1999,16.2,591,6,42,266,298,76,591,48,23,47.9,13,27.1,374,2069,1134,36,32,12,43,36,448,109
Conor Gallagher,eng ENG,MF,Chelsea,22,2000,18.0,1134,32,198,529,421,59,1134,54,23,42.6,23,42.6,699,3519,1391,40,40,12,36,36,778,104
Idrissa Gana Gueye,sn SEN,MF,Everton,32,1989,28.6,1563,77,451,893,237,11,1563,35,19,54.3,9,25.7,821,3942,1829,27,26,3,31,18,845,19
Alejandro Garnacho,ar ARG,"FW,MF",Manchester Utd,18,2004,6.3,305,3,29,84,196,59,305,44,12,27.3,27,61.4,220,1666,896,33,27,28,27,14,235,85
James Garner,eng ENG,"MF,DF",Everton,21,2001,8.9,441,22,97,201,150,9,441,14,7,50.0,6,42.9,216,1185,564,8,9,1,11,3,225,18
David de Gea,es ESP,GK,Manchester Utd,31,1990,38.0,1302,1116,1297,5,0,0,1302,0,0,,0,,781,3589,2147,0,0,0,0,0,783,0
Joe Gelhardt,eng ENG,FW,Leeds United,20,2002,2.4,115,4,10,52,54,14,115,9,1,11.1,7,77.8,68,189,66,2,2,2,9,7,84,21
Saman Ghoddos,ir IRN,"MF,FW",Brentford,28,1993,1.5,98,7,23,38,40,3,98,2,0,0.0,2,100.0,42,164,92,1,2,0,3,1,44,6
Morgan Gibbs-White,eng ENG,"FW,MF",Wolves,22,2000,2.0,119,1,18,53,49,4,119,8,2,25.0,5,62.5,62,257,137,4,3,1,3,1,82,12
Morgan Gibbs-White,eng ENG,"MF,FW",Nott'ham Forest,22,2000,33.0,1447,20,169,626,680,76,1445,96,47,49.0,43,44.8,764,4463,2187,69,62,19,91,44,902,157
Bryan Gil,es ESP,"MF,FW",Tottenham,21,2001,1.6,80,1,13,30,37,2,80,5,2,40.0,3,60.0,55,337,145,4,3,0,5,3,61,15
Billy Gilmour,sct SCO,MF,Brighton,21,2001,5.6,453,15,112,276,71,4,453,6,2,33.3,2,33.3,248,1157,583,5,8,1,6,5,350,4
Degnand Gnonto,it ITA,"FW,MF",Leeds United,18,2003,15.0,719,12,95,248,393,43,719,77,21,27.3,43,55.8,484,3356,1715,66,37,17,30,19,508,136
Ben Godfrey,eng ENG,DF,Everton,24,1998,8.9,391,55,159,175,63,8,391,8,3,37.5,3,37.5,162,830,426,9,8,0,12,3,159,7
João Gomes,br BRA,MF,Wolves,21,2001,7.3,409,19,118,212,80,5,409,19,8,42.1,7,36.8,185,922,416,7,6,1,7,5,223,8
Toti Gomes,pt POR,DF,Wolves,23,1999,10.9,688,86,313,278,100,15,688,16,9,56.3,6,37.5,332,1521,924,4,11,0,6,3,402,23
Joe Gomez,eng ENG,DF,Liverpool,25,1997,16.3,1521,114,602,851,76,6,1521,5,4,80.0,1,20.0,1005,4826,2616,15,12,0,13,5,1040,5
Sergio Gómez,es ESP,"DF,MF",Manchester City,21,2000,3.9,358,16,75,198,87,10,358,3,0,0.0,3,100.0,203,1018,520,10,10,1,7,3,274,20
Anthony Gordon,eng ENG,"FW,MF",Newcastle Utd,21,2001,5.4,275,5,30,112,135,27,275,21,7,33.3,13,61.9,169,1192,516,20,13,11,19,5,196,45
Anthony Gordon,eng ENG,FW,Everton,21,2001,12.2,464,13,87,165,218,47,464,45,11,24.4,29,64.4,252,1875,704,28,23,13,32,23,290,67
Demarai Gray,jm JAM,"FW,MF",Everton,26,1996,27.9,1181,22,110,441,652,104,1179,92,33,35.9,42,45.7,720,5100,2465,94,62,48,86,66,781,199
Jack Grealish,eng ENG,FW,Manchester City,26,1995,22.8,1308,20,141,421,772,136,1308,110,45,40.9,28,25.5,957,8506,3982,143,83,63,36,29,1065,310
Sam Greenwood,eng ENG,"MF,FW",Leeds United,20,2002,4.7,255,7,45,112,103,5,255,8,3,37.5,4,50.0,117,578,305,7,8,1,6,7,119,10
Pascal Groß,de GER,"MF,DF",Brighton,31,1991,36.0,2602,77,466,1225,924,98,2602,33,17,51.5,13,39.4,1453,6723,3125,62,52,8,39,18,1832,209
Vicente Guaita,es ESP,GK,Crystal Palace,35,1987,27.0,895,785,893,2,0,0,895,0,0,,0,,507,2657,1704,0,0,0,1,0,383,0
Gonçalo Guedes,pt POR,"FW,MF",Wolves,25,1996,7.9,280,3,28,105,153,30,280,15,5,33.3,7,46.7,174,1303,644,20,12,7,17,7,199,54
Marc Guéhi,eng ENG,DF,Crystal Palace,22,2000,37.0,2557,369,1415,1078,74,28,2557,21,14,66.7,3,14.3,1511,7181,4034,17,14,0,17,7,1690,3
Bruno Guimarães,br BRA,MF,Newcastle Utd,24,1997,30.3,2014,59,392,1076,575,50,2014,92,45,48.9,26,28.3,1321,7248,2911,41,47,5,46,60,1503,42
İlkay Gündoğan,de GER,MF,Manchester City,31,1990,26.1,1806,31,243,975,596,88,1805,42,16,38.1,18,42.9,1072,5457,2628,53,44,7,28,27,1425,124
Darko Gyabi,eng ENG,FW,Leeds United,18,2004,0.1,8,0,1,4,3,1,8,1,0,0.0,0,0.0,4,5,3,0,0,0,1,0,2,0
Erling Haaland,no NOR,FW,Manchester City,22,2000,30.8,763,18,39,290,435,217,756,32,11,34.4,18,56.3,405,2020,761,35,10,25,51,26,583,151
Lewis Hall,eng ENG,DF,Chelsea,17,2004,7.3,534,22,165,207,168,22,534,25,9,36.0,13,52.0,320,1627,848,19,9,6,16,7,352,41
Luke Harris,wls WAL,"MF,FW",Fulham,17,2005,0.1,14,0,0,8,6,0,14,0,0,,0,,9,46,14,0,0,0,0,1,13,0
Jack Harrison,eng ENG,"FW,MF",Leeds United,25,1996,30.1,1556,31,192,549,836,81,1556,118,48,40.7,59,50.0,959,5271,2584,103,56,24,92,61,1037,255
Kai Havertz,de GER,"FW,MF",Chelsea,23,1999,28.5,1258,46,108,519,640,165,1257,60,17,28.3,38,63.3,728,3741,1483,59,33,30,79,36,946,218
Jan Paul van Hecke,nl NED,DF,Brighton,22,2000,3.3,288,27,120,155,13,2,288,0,0,,0,,187,1104,635,3,5,0,1,0,213,0
Hwang Hee-chan,kr KOR,"FW,MF",Wolves,26,1996,12.6,425,13,66,178,188,38,425,32,13,40.6,13,40.6,222,1520,702,25,11,7,25,20,267,60
Dean Henderson,eng ENG,GK,Nott'ham Forest,25,1997,18.0,715,600,711,5,0,0,715,0,0,,0,,397,2242,1245,0,0,0,1,0,319,0
Jordan Henderson,eng ENG,MF,Liverpool,32,1990,23.0,1782,34,277,1013,505,45,1782,23,12,52.2,8,34.8,1060,4836,2046,37,49,1,18,9,1319,90
Wayne Hennessey,wls WAL,GK,Nott'ham Forest,35,1987,3.0,108,91,108,0,0,0,108,0,0,,0,,56,318,181,0,0,0,0,0,47,0
Rico Henry,eng ENG,DF,Brentford,25,1997,36.0,1582,115,478,647,482,30,1582,50,26,52.0,17,34.0,782,3790,1832,55,41,9,50,44,813,111
Son Heung-min,kr KOR,"MF,FW",Tottenham,30,1992,32.1,1217,12,143,457,643,106,1217,83,33,39.8,40,48.2,727,4927,2357,82,60,31,64,55,860,196
Aaron Hickey,sct SCO,DF,Brentford,20,2002,21.3,1028,47,328,499,211,21,1028,45,17,37.8,18,40.0,616,3295,1802,41,17,3,16,13,624,47
Jack Hinshelwood,eng ENG,FW,Brighton,17,2005,0.0,5,0,2,2,1,1,5,0,0,,0,,2,2,2,0,0,0,0,0,3,1
Joseph Hodge,ie IRL,MF,Wolves,19,2002,1.9,118,5,26,56,36,4,118,0,0,,0,,56,174,89,1,2,0,1,2,77,5
Rob Holding,eng ENG,DF,Arsenal,26,1995,6.3,499,58,240,245,15,7,499,1,1,100.0,0,0.0,319,1466,881,3,1,1,3,0,339,2
Mason Holgate,eng ENG,DF,Everton,25,1996,5.6,286,35,120,139,27,5,286,3,3,100.0,0,0.0,100,450,279,4,3,0,6,0,141,5
Will Hughes,eng ENG,MF,Crystal Palace,27,1995,9.4,474,27,101,250,131,13,474,7,3,42.9,4,57.1,234,1162,636,14,10,3,14,10,262,23
Omari Hutchinson,eng ENG,FW,Chelsea,18,2003,0.3,15,0,0,4,11,2,15,0,0,,0,,11,61,23,1,0,1,1,1,11,1
Pierre Højbjerg,dk DEN,MF,Tottenham,26,1995,34.8,2633,122,670,1537,449,33,2633,45,30,66.7,12,26.7,1507,6846,3215,46,41,8,39,35,1925,66
Kelechi Iheanacho,ng NGA,"FW,MF",Leicester City,25,1996,12.5,464,10,28,197,244,58,463,39,20,51.3,17,43.6,293,1661,724,33,13,18,41,36,380,99
Danny Ings,eng ENG,FW,West Ham,30,1992,8.6,229,8,22,105,105,37,229,18,5,27.8,12,66.7,129,554,260,9,8,3,11,10,157,44
Danny Ings,eng ENG,FW,Aston Villa,30,1992,9.2,267,12,26,106,139,49,265,16,10,62.5,6,37.5,163,718,260,15,6,9,20,17,186,46
Alexander Isak,se SWE,FW,Newcastle Utd,22,1999,16.9,583,11,34,202,358,98,581,72,32,44.4,30,41.7,371,2548,1300,41,36,22,39,25,431,122
Daniel Iversen,dk DEN,GK,Leicester City,25,1997,12.0,411,344,406,5,0,0,411,0,0,,0,,177,1011,571,0,0,0,0,0,136,0
Alex Iwobi,ng NGA,"MF,FW",Everton,26,1996,37.5,1912,52,359,892,709,59,1912,110,55,50.0,50,45.5,1169,6913,3434,90,79,15,68,42,1285,145
Daniel James,wls WAL,FW,Leeds United,24,1997,2.2,66,1,9,26,32,6,66,6,1,16.7,2,33.3,35,233,112,6,2,3,3,1,39,9
Daniel James,wls WAL,FW,Fulham,24,1997,6.9,254,9,27,78,156,29,254,14,5,35.7,3,21.4,156,1229,618,24,11,8,10,13,173,48
Reece James,eng ENG,"DF,MF",Chelsea,22,1999,13.8,1187,39,256,543,395,25,1187,40,22,55.0,10,25.0,710,3722,2018,52,26,9,13,14,813,115
Vitaly Janelt,de GER,"MF,DF",Brentford,24,1998,24.5,1244,66,335,675,242,36,1244,24,9,37.5,14,58.3,663,2804,1246,14,18,2,18,11,737,28
Pontus Jansson,se SWE,DF,Brentford,31,1991,8.0,393,73,243,137,13,8,393,2,2,100.0,0,0.0,192,734,310,1,1,0,2,1,217,0
Mathias Jensen,dk DEN,MF,Brentford,26,1996,31.1,1890,43,368,868,669,29,1890,61,24,39.3,28,45.9,900,3499,1380,21,24,1,54,32,1011,77
Gabriel Jesus,br BRA,FW,Arsenal,25,1997,22.9,1080,26,110,406,573,191,1079,111,44,39.6,49,44.1,642,3467,1517,44,31,28,88,65,799,194
Raúl Jiménez,mx MEX,FW,Wolves,31,1991,9.4,293,11,28,139,127,44,293,10,5,50.0,4,40.0,146,626,241,5,3,2,23,14,219,45
Joelinton,br BRA,"MF,FW",Newcastle Utd,25,1996,29.6,1703,71,312,852,562,96,1703,111,53,47.7,42,37.8,897,4853,2286,64,45,13,72,51,1115,150
Ben Johnson,eng ENG,DF,West Ham,22,2000,9.6,627,43,256,289,87,2,627,17,8,47.1,6,35.3,276,1449,650,15,6,1,7,7,335,22
Brennan Johnson,wls WAL,"FW,MF",Nott'ham Forest,21,2001,32.6,806,9,90,309,434,116,803,88,33,37.5,41,46.6,450,3848,2111,88,46,42,76,25,507,155
Sam Johnstone,eng ENG,GK,Crystal Palace,29,1993,9.0,298,242,297,1,0,0,298,0,0,,0,,188,1018,662,0,0,0,1,0,156,0
Curtis Jones,eng ENG,MF,Liverpool,21,2001,11.5,821,14,105,417,304,40,821,30,11,36.7,13,43.3,550,2645,1011,31,15,11,22,29,627,75
Jorginho,it ITA,MF,Arsenal,30,1991,9.5,807,27,159,476,175,8,807,10,3,30.0,5,50.0,523,2399,1252,15,12,0,8,8,629,8
Jorginho,it ITA,MF,Chelsea,30,1991,14.2,1026,36,273,577,178,8,1024,12,5,41.7,4,33.3,546,2331,1090,13,27,1,14,9,706,10
Mateo Joseph,eng ENG,"FW,MF",Leeds United,18,2003,0.3,9,1,1,5,3,1,9,1,0,0.0,1,100.0,5,13,0,0,0,0,1,3,6,2
Diogo Jota,pt POR,FW,Liverpool,25,1996,12.6,550,21,71,235,252,73,550,39,14,35.9,21,53.8,339,1938,1067,34,26,14,34,19,403,104
Hamed Junior Traorè,ci CIV,"FW,MF",Bournemouth,22,2000,4.7,246,2,29,109,116,11,246,25,16,64.0,8,32.0,143,881,437,19,13,1,15,13,142,21
James Justin,eng ENG,DF,Leicester City,24,1998,13.9,980,48,296,475,216,8,980,19,4,21.1,11,57.9,417,1831,834,20,19,4,15,6,574,50
Mathias Jørgensen,dk DEN,DF,Brentford,32,1990,12.3,612,87,291,281,42,12,612,1,0,0.0,1,100.0,295,1062,616,1,2,0,3,1,321,1
Sasa Kalajdzic,at AUT,FW,Wolves,25,1997,0.5,7,0,2,1,4,2,7,0,0,,0,,2,6,3,0,0,0,1,0,5,1
Boubacar Kamara,fr FRA,MF,Aston Villa,22,1999,19.7,1145,65,362,662,132,10,1145,35,16,45.7,12,34.3,622,2571,1173,16,11,1,20,14,713,8
Harry Kane,eng ENG,FW,Tottenham,29,1993,37.8,1328,28,106,646,599,167,1322,108,40,37.0,53,49.1,834,4546,1842,60,50,21,74,58,1031,193
N'Golo Kanté,fr FRA,MF,Chelsea,31,1991,5.8,404,11,53,195,163,16,404,18,12,66.7,4,22.2,230,1408,800,19,15,2,13,5,279,36
Michael Keane,eng ENG,DF,Everton,29,1993,10.9,565,83,275,239,55,24,565,7,4,57.1,2,28.6,257,1282,719,2,2,0,6,2,275,4
Neeskens Kebano,cd COD,FW,Fulham,30,1992,8.5,321,10,48,92,188,30,321,28,9,32.1,14,50.0,199,1497,841,39,14,11,16,12,216,68
Thilo Kehrer,de GER,DF,West Ham,25,1996,24.8,1335,135,600,595,147,17,1335,11,8,72.7,3,27.3,677,2885,1533,15,12,1,17,6,760,29
Naby Keïta,gn GUI,MF,Liverpool,27,1995,3.3,206,5,34,114,59,11,206,4,3,75.0,0,0.0,111,536,220,5,6,0,12,7,140,21
Caoimhín Kelleher,ie IRL,GK,Liverpool,23,1998,1.0,26,18,26,0,0,0,26,0,0,,0,,18,89,62,0,0,0,0,0,13,0
Lloyd Kelly,eng ENG,DF,Bournemouth,23,1998,22.7,1394,185,752,526,124,9,1394,7,1,14.3,5,71.4,705,3316,1879,14,4,0,16,4,806,10
Max Kilman,eng ENG,DF,Wolves,25,1997,36.7,2470,432,1460,952,75,26,2470,25,19,76.0,6,24.0,1443,7679,4615,30,15,2,15,9,1699,5
Jakub Kiwior,pl POL,DF,Arsenal,22,2000,4.7,248,31,124,103,22,3,248,1,1,100.0,0,0.0,141,530,171,0,3,0,0,0,148,6
Mateusz Klich,pl POL,"MF,FW",Leeds United,32,1990,3.1,189,3,25,82,85,9,189,6,2,33.3,4,66.7,110,385,149,5,5,2,11,1,124,21
Robin Koch,de GER,DF,Leeds United,26,1996,35.3,1963,263,1051,820,106,32,1963,3,1,33.3,2,66.7,1013,4700,2583,11,8,0,15,1,1102,11
Ibrahima Konaté,fr FRA,DF,Liverpool,23,1999,17.2,1317,107,589,691,43,22,1317,14,10,71.4,2,14.3,829,3627,1871,7,7,0,12,4,918,5
Ezri Konsa,eng ENG,DF,Aston Villa,24,1997,36.9,2192,349,1280,850,70,22,2192,15,5,33.3,3,20.0,1375,6226,3596,7,9,0,15,5,1533,11
Kalidou Koulibaly,sn SEN,DF,Chelsea,31,1991,20.0,1687,174,793,838,63,19,1687,6,4,66.7,2,33.3,1083,4728,2459,10,8,0,10,2,1209,4
Cheikhou Kouyaté,sn SEN,MF,Nott'ham Forest,32,1989,9.8,363,39,136,166,64,14,363,9,6,66.7,1,11.1,160,725,292,6,4,3,15,9,175,14
Mateo Kovačić,hr CRO,MF,Chelsea,28,1994,19.0,1492,31,279,938,289,12,1492,34,19,55.9,10,29.4,1010,5517,2591,37,39,2,26,26,1144,30
Emil Krafth,se SWE,DF,Newcastle Utd,27,1994,0.0,1,0,1,0,0,0,1,0,0,,0,,0,0,0,0,0,0,0,0,0,0
Dejan Kulusevski,se SWE,"MF,FW",Tottenham,22,2000,23.0,1048,26,156,394,528,107,1048,110,50,45.5,52,47.3,675,4897,2507,87,46,48,78,52,711,195
Layvin Kurzawa,fr FRA,DF,Fulham,29,1992,1.5,64,8,35,18,11,0,64,4,2,50.0,2,50.0,29,100,20,1,0,0,3,1,24,2
Adam Lallana,eng ENG,"MF,FW",Brighton,34,1988,8.0,373,6,43,180,151,33,373,6,3,50.0,3,50.0,206,839,420,10,4,4,15,11,295,43
Tariq Lamptey,gh GHA,DF,Brighton,21,2000,5.0,376,15,80,138,161,17,376,28,8,28.6,13,46.4,232,1451,808,28,12,7,16,2,256,58
Manuel Lanzini,ar ARG,"MF,FW",West Ham,29,1993,2.8,192,3,32,111,50,3,192,3,1,33.3,0,0.0,116,524,203,2,6,0,2,3,150,6
Aymeric Laporte,es ESP,DF,Manchester City,28,1994,11.0,1036,85,335,538,166,13,1036,4,2,50.0,1,25.0,702,4015,2882,30,44,0,3,0,806,11
Juan Larios,es ESP,DF,Southampton,18,2004,1.7,106,10,32,55,20,2,106,4,3,75.0,1,25.0,38,338,201,10,2,1,3,2,47,1
Jamaal Lascelles,eng ENG,DF,Newcastle Utd,28,1993,2.4,118,27,68,47,4,4,118,0,0,,0,,64,269,103,0,0,0,0,0,75,0
Roméo Lavia,be BEL,MF,Southampton,18,2004,24.7,1288,58,298,828,177,1,1288,50,28,56.0,13,26.0,804,4275,1903,22,21,0,24,31,794,14
Dexter Lembikisa,jm JAM,DF,Wolves,18,2003,0.3,13,0,3,7,3,0,13,0,0,,0,,7,29,21,2,0,0,0,0,8,3
Mario Lemina,ga GAB,MF,Wolves,28,1993,14.4,794,67,292,430,81,4,794,18,11,61.1,3,16.7,414,1924,949,6,6,0,13,8,521,9
Clément Lenglet,fr FRA,DF,Tottenham,27,1995,22.4,1666,178,805,761,107,17,1666,12,7,58.3,4,33.3,1142,5666,3561,33,27,1,12,8,1256,7
Bernd Leno,de GER,GK,Fulham,30,1992,36.0,1499,1188,1492,7,0,0,1499,0,0,,0,,857,4060,2355,0,0,0,1,0,752,0
Jefferson Lerma,co COL,MF,Bournemouth,27,1994,36.1,1934,165,587,1030,338,44,1934,23,13,56.5,9,39.1,946,3761,1861,22,32,1,24,17,1162,30
Jamal Lewis,nir NIR,"DF,FW",Newcastle Utd,24,1998,0.1,15,0,6,4,5,2,15,0,0,,0,,10,40,10,0,1,0,0,0,13,1
Rico Lewis,eng ENG,"DF,MF",Manchester City,17,2004,10.0,742,26,133,416,199,12,742,14,8,57.1,3,21.4,511,2555,1390,22,24,3,7,13,593,26
Keane Lewis-Potter,eng ENG,"FW,MF",Brentford,21,2001,3.6,138,4,24,48,69,18,138,14,4,28.6,10,71.4,93,652,336,8,6,3,11,8,91,39
Victor Lindelöf,se SWE,DF,Manchester Utd,28,1994,15.2,1074,145,550,491,35,5,1074,3,2,66.7,1,33.3,652,3094,1529,3,4,0,1,2,739,1
Jesse Lingard,eng ENG,"FW,MF",Nott'ham Forest,29,1992,10.3,371,7,44,202,132,16,371,10,6,60.0,4,40.0,214,1003,527,11,12,0,16,10,263,38
Valentino Livramento,eng ENG,"DF,FW",Southampton,19,2002,0.3,37,5,19,16,3,0,37,3,2,66.7,0,0.0,10,48,17,0,0,0,1,0,16,0
Diego Llorente,es ESP,DF,Leeds United,28,1993,7.2,506,59,283,210,15,6,506,3,2,66.7,1,33.3,303,1566,721,2,1,0,6,1,312,1
Hugo Lloris,fr FRA,GK,Tottenham,35,1986,24.5,794,723,792,2,0,0,794,0,0,,0,,430,2401,1498,0,0,0,2,0,353,0
Renan Lodi,br BRA,DF,Nott'ham Forest,24,1998,24.6,1143,96,478,418,263,21,1143,39,16,41.0,14,35.9,546,2834,1379,24,15,2,18,13,535,70
Ruben Loftus-Cheek,eng ENG,"MF,DF",Chelsea,26,1996,17.1,1068,40,185,576,322,42,1068,60,30,50.0,22,36.7,651,3753,2210,56,29,10,22,23,774,86
Sean Longstaff,eng ENG,MF,Newcastle Utd,24,1997,28.0,1433,45,278,742,420,76,1433,27,8,29.6,18,66.7,752,2989,1191,21,16,8,37,29,951,115
Jamal Lowe,jm JAM,"MF,FW",Bournemouth,28,1994,0.1,4,0,0,3,1,0,4,0,0,,0,,2,7,1,0,0,0,0,0,3,0
Douglas Luiz,br BRA,MF,Aston Villa,24,1998,32.5,2118,75,534,1161,443,19,2117,44,24,54.5,14,31.8,1142,6297,2922,48,39,4,36,33,1326,35
Saša Lukić,rs SRB,MF,Fulham,25,1996,4.6,253,9,49,155,52,3,253,5,4,80.0,1,20.0,146,875,413,8,7,1,3,1,171,5
Lyanco,br BRA,DF,Southampton,25,1997,13.1,720,123,368,297,64,12,720,11,8,72.7,2,18.2,368,1892,1034,13,8,1,11,4,353,4
Alexis Mac Allister,ar ARG,MF,Brighton,23,1998,32.1,2182,48,367,1194,644,63,2176,72,42,58.3,21,29.2,1319,6135,3072,69,74,8,47,36,1644,77
James Maddison,eng ENG,"MF,FW",Leicester City,25,1996,27.6,1447,17,160,647,655,103,1445,107,46,43.0,39,36.4,964,5653,2671,77,44,31,45,31,1075,155
Noni Madueke,eng ENG,FW,Chelsea,20,2002,7.1,405,11,45,133,233,62,405,63,33,52.4,24,38.1,278,2090,1203,48,21,26,17,13,315,100
Harry Maguire,eng ENG,DF,Manchester Utd,29,1993,8.5,672,77,353,291,32,9,672,3,2,66.7,1,33.3,414,2286,1449,8,6,1,1,0,448,4
Riyad Mahrez,dz ALG,"FW,MF",Manchester City,31,1991,21.3,1392,14,105,494,802,110,1391,73,25,34.2,27,37.0,934,5159,2361,78,47,45,35,27,1042,242
Kobbie Mainoo,eng ENG,MF,Manchester Utd,17,2005,0.1,11,0,2,4,5,3,11,1,0,0.0,1,100.0,5,64,48,2,0,0,0,0,6,1
Ainsley Maitland-Niles,eng ENG,"DF,MF",Southampton,24,1997,15.6,912,73,328,440,155,7,912,22,17,77.3,5,22.7,407,2036,885,15,13,2,26,13,509,35
Tyrell Malacia,nl NED,DF,Manchester Utd,22,1999,15.5,989,54,378,392,225,16,989,19,6,31.6,13,68.4,472,2127,1023,19,17,3,17,8,557,33
Orel Mangala,be BEL,MF,Nott'ham Forest,24,1998,17.2,655,31,183,380,99,8,655,34,16,47.1,12,35.3,334,1742,808,14,6,2,11,9,383,8
Javier Manquillo,es ESP,DF,Newcastle Utd,28,1994,0.4,36,2,11,16,9,1,36,0,0,,0,,20,82,38,2,0,0,0,0,20,1
Sekou Mara,fr FRA,"FW,MF",Southampton,20,2002,6.2,221,5,27,99,103,26,221,29,13,44.8,16,55.2,129,727,288,7,9,2,28,18,151,27
Solly March,eng ENG,"FW,DF",Brighton,28,1994,30.2,1659,46,191,521,962,138,1659,114,58,50.9,35,30.7,1024,6810,3074,110,48,47,55,32,1124,357
Emiliano Marcondes,dk DEN,MF,Bournemouth,27,1995,0.1,3,1,1,2,0,0,3,1,0,0.0,0,0.0,2,11,7,0,0,0,0,0,2,0
Marquinhos,br BRA,MF,Arsenal,19,2003,0.0,3,0,0,2,1,0,3,0,0,,0,,2,6,1,0,0,0,0,0,3,0
Anthony Martial,fr FRA,FW,Manchester Utd,26,1995,10.9,443,10,31,166,249,49,442,26,14,53.8,9,34.6,297,1296,570,18,13,8,33,20,371,87
Martinelli,br BRA,FW,Arsenal,21,2001,31.0,1490,19,129,419,965,223,1490,132,59,44.7,55,41.7,1019,7180,3297,124,65,70,83,56,1115,350
Emiliano Martínez,ar ARG,GK,Aston Villa,29,1992,34.9,1479,1218,1463,17,0,0,1479,0,0,,0,,851,4474,2627,0,0,0,2,0,707,0
Lisandro Martínez,ar ARG,DF,Manchester Utd,24,1998,23.5,1809,281,934,829,60,11,1809,16,14,87.5,0,0.0,1061,5256,2986,12,16,0,11,9,1138,2
Pape Matar Sarr,sn SEN,"MF,FW",Tottenham,19,2002,2.4,190,15,65,104,21,1,190,4,1,25.0,1,25.0,122,577,216,1,0,0,5,2,125,0
Jean-Philippe Mateta,fr FRA,FW,Crystal Palace,25,1997,8.6,266,18,37,112,119,38,266,8,3,37.5,5,62.5,145,674,251,9,9,5,27,18,185,43
Joël Matip,cm CMR,DF,Liverpool,30,1991,12.1,1004,111,482,468,62,17,1004,7,4,57.1,3,42.9,657,4140,2907,28,22,1,14,1,720,2
Neal Maupay,fr FRA,FW,Everton,25,1996,12.4,387,1,27,172,194,49,387,19,7,36.8,12,63.2,219,864,306,8,7,3,38,16,280,61
Kevin Mbabu,ch SUI,"DF,FW",Fulham,27,1995,1.6,114,4,38,40,38,0,114,6,4,66.7,2,33.3,57,273,159,4,2,0,1,2,59,11
Bryan Mbeumo,cm CMR,FW,Brentford,22,1999,32.3,1335,24,177,425,755,125,1334,88,45,51.1,37,42.0,776,4292,1862,66,33,26,72,54,862,235
James McArthur,sct SCO,MF,Crystal Palace,34,1987,0.6,60,5,22,29,9,0,60,2,1,50.0,0,0.0,36,168,84,0,2,0,1,3,40,0
Alex McCarthy,eng ENG,GK,Southampton,32,1989,6.0,261,205,260,1,0,0,261,0,0,,0,,139,546,264,0,0,0,0,0,133,0
John McGinn,sct SCO,"MF,FW",Aston Villa,27,1994,29.9,1348,37,218,756,388,45,1348,70,45,64.3,14,20.0,804,4072,1799,34,35,8,58,35,888,66
Scott McKenna,sct SCO,DF,Nott'ham Forest,25,1996,17.5,877,151,501,333,45,21,877,7,5,71.4,1,14.3,430,1885,929,5,1,0,2,2,508,2
Weston McKennie,us USA,MF,Leeds United,23,1998,16.0,807,41,188,401,228,17,807,16,11,68.8,4,25.0,400,1738,791,14,16,0,28,25,445,33
Dwight McNeil,eng ENG,"FW,MF",Everton,22,1999,27.8,1358,52,266,505,614,61,1357,108,54,50.0,51,47.2,738,5432,2144,76,44,16,53,45,762,128
Scott McTominay,sct SCO,MF,Manchester Utd,25,1996,12.9,618,69,205,287,132,25,618,26,13,50.0,9,34.6,315,1610,782,20,16,3,24,19,359,19
Ben Mee,eng ENG,DF,Brentford,32,1989,36.3,2122,272,1089,887,156,71,2122,13,12,92.3,1,7.7,1146,4790,2581,8,11,3,18,2,1179,14
Edouard Mendy,sn SEN,GK,Chelsea,30,1992,9.5,307,265,304,3,0,0,307,1,0,0.0,1,100.0,171,790,423,0,0,0,0,0,157,0
Nampalys Mendy,sn SEN,MF,Leicester City,30,1992,8.4,490,12,139,310,45,2,490,11,7,63.6,3,27.3,283,1352,468,2,5,0,7,1,333,4
Chris Mepham,wls WAL,DF,Bournemouth,24,1997,24.4,1336,285,852,455,36,14,1336,7,3,42.9,3,42.9,650,3099,1628,2,6,2,4,3,788,1
Illan Meslier,fr FRA,GK,Leeds United,22,2000,34.0,1122,903,1116,5,2,1,1122,0,0,,0,,596,3396,1969,0,0,0,1,1,424,0
Alexander Mighten,eng ENG,FW,Nott'ham Forest,20,2002,0.1,4,0,1,0,3,0,4,3,0,0.0,2,66.7,4,27,10,0,0,0,0,0,4,1
Lewis Miley,eng ENG,MF,Newcastle Utd,16,2006,0.2,9,1,3,4,2,0,9,0,0,,0,,3,15,1,0,0,0,0,0,3,0
Luka Milivojević,rs SRB,MF,Crystal Palace,31,1991,5.7,321,28,117,153,55,1,321,1,1,100.0,0,0.0,162,697,263,2,3,0,4,6,178,2
James Milner,eng ENG,"MF,DF",Liverpool,36,1986,10.1,848,24,196,390,264,24,848,21,11,52.4,8,38.1,447,1868,886,21,17,5,19,14,551,78
Yerry Mina,co COL,DF,Everton,27,1994,6.6,402,58,198,176,30,16,402,2,1,50.0,0,0.0,217,1089,622,1,4,1,4,0,255,3
Tyrone Mings,eng ENG,DF,Aston Villa,29,1993,35.0,2228,384,1276,877,81,21,2228,12,6,50.0,3,25.0,1379,7995,4556,20,21,3,8,7,1486,7
Tyrick Mitchell,eng ENG,DF,Crystal Palace,22,1999,32.1,1899,115,654,834,431,35,1899,30,17,56.7,9,30.0,827,3148,1433,23,19,4,35,17,957,90
Kaoru Mitoma,jp JPN,"FW,MF",Brighton,25,1997,25.8,1312,18,146,466,716,177,1312,129,58,45.0,55,42.6,891,6882,3828,143,82,85,60,33,986,260
Aleksandar Mitrović,rs SRB,FW,Fulham,27,1994,22.3,814,27,79,392,349,144,806,47,23,48.9,22,46.8,451,1873,715,24,15,10,65,58,646,97
Kieffer Moore,wls WAL,FW,Bournemouth,29,1992,14.2,522,36,59,286,178,49,522,13,2,15.4,7,53.8,252,940,302,10,8,2,42,31,396,56
Andrew Moran,ie IRL,FW,Brighton,18,2003,0.1,6,0,0,5,1,0,6,0,0,,0,,3,2,1,0,0,0,2,0,3,1
Álex Moreno,es ESP,DF,Aston Villa,29,1993,14.8,949,60,327,337,293,43,949,57,23,40.4,27,47.4,510,3260,1642,65,29,16,38,15,570,122
Mason Mount,eng ENG,"MF,FW",Chelsea,23,1999,18.3,969,17,110,415,455,56,969,31,15,48.4,13,41.9,530,2745,1429,48,34,11,36,29,678,114
Lucas Moura,br BRA,"MF,DF",Tottenham,29,1992,1.7,118,0,15,47,58,12,118,11,5,45.5,6,54.5,65,387,169,4,8,2,6,5,83,15
João Moutinho,pt POR,MF,Wolves,35,1986,19.8,1218,42,243,658,325,15,1218,15,8,53.3,7,46.7,615,2554,1350,23,23,0,14,7,769,32
Divin Mubama,eng ENG,FW,West Ham,17,2004,0.4,11,1,2,6,3,0,11,2,1,50.0,1,50.0,7,49,3,0,0,0,0,2,8,1
Mykhailo Mudryk,ua UKR,"FW,MF",Chelsea,21,2001,7.3,323,7,40,112,175,28,323,39,13,33.3,20,51.3,194,1438,689,25,20,7,29,11,207,43
Jacob Murphy,eng ENG,FW,Newcastle Utd,27,1995,13.9,590,11,58,214,329,75,590,43,14,32.6,21,48.8,364,2478,1497,66,32,29,17,23,421,141
Enock Mwepu,zm ZAM,"FW,MF",Brighton,24,1998,2.4,116,1,12,54,53,7,116,5,1,20.0,4,80.0,58,318,141,5,2,1,10,5,80,17
Vitaliy Mykolenko,ua UKR,DF,Everton,23,1999,29.5,1625,124,576,693,370,26,1625,25,11,44.0,14,56.0,701,3103,1491,31,33,7,32,8,798,72
Keylor Navas,cr CRC,GK,Nott'ham Forest,35,1986,17.0,578,515,576,2,0,0,578,1,1,100.0,0,0.0,267,1718,1174,0,0,0,1,0,175,0
Wilfred Ndidi,ng NGA,MF,Leicester City,25,1996,18.7,1129,83,406,652,92,5,1129,15,10,66.7,4,26.7,564,2464,1075,11,14,0,14,10,659,7
Reiss Nelson,eng ENG,FW,Arsenal,22,1999,2.4,157,5,25,35,99,23,157,9,7,77.8,2,22.2,99,710,439,19,5,8,3,9,112,34
Neto,br BRA,GK,Bournemouth,33,1989,26.5,895,768,890,6,0,0,895,1,1,100.0,0,0.0,446,2814,2029,0,0,0,1,0,271,0
Pedro Neto,pt POR,"FW,MF",Wolves,22,2000,10.7,517,6,61,166,298,46,517,54,18,33.3,30,55.6,325,2373,1181,37,24,18,29,13,363,111
Rúben Neves,pt POR,MF,Wolves,25,1997,33.5,2486,177,810,1307,394,25,2483,31,19,61.3,9,29.0,1318,6007,2980,28,29,1,22,13,1621,18
Moussa Niakhate,sn SEN,DF,Nott'ham Forest,26,1996,12.9,528,96,301,159,69,7,528,4,0,0.0,4,100.0,184,923,435,2,0,0,5,1,189,3
Rasmus Nissen,dk DEN,DF,Leeds United,25,1997,21.8,1276,90,470,529,282,23,1276,15,7,46.7,7,46.7,548,1725,833,15,10,4,6,5,633,70
Eddie Nketiah,eng ENG,FW,Arsenal,23,1999,12.1,407,10,35,157,221,87,407,34,15,44.1,13,38.2,259,1682,603,32,16,22,30,20,305,82
Matheus Nunes,pt POR,MF,Wolves,23,1998,27.4,1354,64,325,656,397,52,1354,85,44,51.8,28,32.9,851,5513,2640,59,54,10,41,39,943,129
Darwin Núñez,uy URU,FW,Liverpool,23,1999,18.8,633,12,51,179,412,154,633,44,18,40.9,19,43.2,387,2795,1408,61,33,31,41,27,491,181
Ethan Nwaneri,eng ENG,FW,Arsenal,15,2007,0.0,1,0,0,0,1,0,1,0,0,,0,,0,0,0,0,0,0,0,0,0,0
Christian Nørgaard,dk DEN,MF,Brentford,28,1994,19.6,1050,78,338,554,165,42,1050,19,8,42.1,10,52.6,454,1518,671,4,11,2,14,10,526,8
Lewis O'Brien,eng ENG,MF,Nott'ham Forest,23,1998,6.5,297,19,72,161,71,3,297,17,7,41.2,3,17.6,157,947,518,13,9,2,12,7,166,3
Odeluga Offiah,eng ENG,DF,Brighton,19,2002,0.3,35,0,11,21,3,0,35,1,1,100.0,0,0.0,17,90,44,1,0,0,1,0,19,1
Angelo Ogbonna,it ITA,DF,West Ham,34,1988,13.7,545,111,331,197,17,7,545,0,0,,0,,255,1288,436,0,0,0,1,3,281,2
Michael Olise,fr FRA,"FW,MF",Crystal Palace,20,2001,30.5,1840,25,243,709,911,86,1840,141,54,38.3,59,41.8,1048,6663,3366,111,74,38,85,47,1215,243
Robin Olsen,se SWE,GK,Aston Villa,32,1990,3.1,141,119,139,2,0,0,141,0,0,,0,,80,405,198,0,0,0,1,0,57,0
Amadou Onana,be BEL,MF,Everton,20,2001,27.6,1310,58,287,745,295,52,1310,52,18,34.6,23,44.2,684,3563,1436,27,30,4,49,17,871,49
Josh Onomah,eng ENG,MF,Fulham,25,1997,0.2,11,0,3,4,4,0,11,1,0,0.0,1,100.0,5,38,24,1,0,0,1,1,5,0
Paul Onuachu,ng NGA,FW,Southampton,28,1994,4.5,153,5,17,66,73,25,153,14,9,64.3,4,28.6,72,274,78,1,1,0,22,9,115,22
Frank Onyeka,ng NGA,MF,Brentford,24,1998,9.4,373,26,93,176,109,20,373,26,11,42.3,11,42.3,198,852,368,9,8,3,11,10,205,21
Mislav Oršić,hr CRO,MF,Southampton,29,1992,0.1,4,0,2,0,2,0,4,0,0,,0,,2,10,7,0,0,0,0,0,1,0
Stefan Ortega,de GER,GK,Manchester City,29,1992,3.0,174,132,173,1,0,0,174,0,0,,0,,116,392,245,0,0,0,0,0,119,0
Dango Ouattara,bf BFA,"MF,FW",Bournemouth,20,2002,13.8,566,42,136,210,234,64,566,74,31,41.9,37,50.0,301,2219,1083,39,23,17,39,14,336,87
Alex Oxlade-Chamberlain,eng ENG,"FW,MF",Liverpool,28,1993,3.7,153,4,20,69,67,17,153,14,5,35.7,8,57.1,90,719,258,11,8,3,12,10,110,28
David Ozoh,,FW,Crystal Palace,17,2005,0.0,4,0,0,0,4,0,4,0,0,,0,,2,1,1,0,0,0,1,0,4,0
João Palhinha,pt POR,MF,Fulham,27,1995,34.5,1714,81,433,1056,247,33,1714,39,14,35.9,15,38.5,763,2775,935,8,10,3,37,28,919,18
Cole Palmer,eng ENG,"MF,FW",Manchester City,20,2002,4.1,248,6,22,85,143,32,248,25,14,56.0,7,28.0,179,1222,639,29,8,15,13,8,202,40
Emerson Palmieri,it ITA,DF,West Ham,27,1994,14.7,894,60,241,386,273,25,894,29,6,20.7,14,48.3,411,2390,1340,38,26,7,10,11,532,57
Lucas Paquetá,br BRA,MF,West Ham,24,1997,23.9,1475,46,239,839,419,49,1474,63,33,52.4,22,34.9,771,3437,1475,25,34,6,48,44,964,63
Thomas Partey,gh GHA,MF,Arsenal,29,1993,27.6,2267,78,418,1406,466,29,2267,45,35,77.8,8,17.8,1398,6866,3847,34,38,3,33,19,1654,35
Nathan Patterson,sct SCO,"DF,MF",Everton,20,2001,14.2,836,71,310,295,238,19,836,24,11,45.8,12,50.0,349,1940,851,16,12,3,22,9,431,51
Ben Pearson,eng ENG,MF,Bournemouth,27,1995,3.2,162,8,56,90,17,0,162,1,0,0.0,0,0.0,72,242,103,2,0,0,6,0,100,4
Facundo Pellistri,uy URU,"FW,MF",Manchester Utd,20,2001,0.7,24,0,9,7,8,1,24,3,2,66.7,1,33.3,12,148,45,1,0,0,2,1,14,2
Andreas Pereira,br BRA,MF,Fulham,26,1996,29.9,1312,14,106,608,613,66,1311,49,17,34.7,25,51.0,723,3968,1662,53,44,10,52,51,853,133
Ricardo Pereira,pt POR,"DF,MF",Leicester City,28,1993,5.0,383,23,116,183,90,4,383,7,5,71.4,1,14.3,174,605,323,5,9,2,7,3,217,14
Ayoze Pérez,es ESP,"MF,FW",Leicester City,29,1993,4.2,244,3,38,104,108,17,244,21,6,28.6,12,57.1,132,696,356,17,6,6,12,11,155,43
Ivan Perišić,hr CRO,"DF,MF",Tottenham,33,1989,23.4,1370,73,357,443,583,94,1370,40,18,45.0,19,47.5,611,3704,2075,87,29,35,33,14,733,181
Romain Perraud,fr FRA,DF,Southampton,24,1997,20.4,1153,54,360,406,395,39,1153,38,10,26.3,25,65.8,609,2999,1388,33,35,5,27,14,626,122
Máximo Perrone,ar ARG,MF,Manchester City,19,2003,0.2,22,0,4,12,6,2,22,0,0,,0,,8,20,7,0,0,0,0,0,19,1
Cameron Peupion,au AUS,MF,Brighton,19,2002,0.1,6,0,0,3,3,1,6,0,0,,0,,3,8,0,0,0,0,1,0,5,2
Kalvin Phillips,eng ENG,MF,Manchester City,26,1995,3.3,354,16,64,243,49,6,354,2,1,50.0,0,0.0,228,1021,331,1,4,0,2,1,284,2
Nathaniel Phillips,eng ENG,DF,Liverpool,25,1997,0.7,89,3,26,63,2,1,89,0,0,,0,,69,574,393,0,1,0,2,0,60,0
Jordan Pickford,eng ENG,GK,Everton,28,1994,37.0,1413,1030,1359,57,0,0,1413,0,0,,0,,732,4810,3221,0,0,0,1,1,548,0
Ethan Pinnock,jm JAM,DF,Brentford,29,1993,30.0,1554,327,927,497,134,55,1554,6,2,33.3,1,16.7,650,2705,1499,2,2,0,6,7,745,16
Daniel Podence,pt POR,"FW,MF",Wolves,26,1995,19.7,889,11,120,328,456,70,889,61,24,39.3,34,55.7,528,2670,1229,43,28,20,49,30,622,148
Nick Pope,eng ENG,GK,Newcastle Utd,30,1992,36.2,974,821,967,7,0,0,974,0,0,,0,,502,2949,1724,0,0,0,2,0,344,0
Pedro Porro,es ESP,"DF,MF",Tottenham,22,1999,12.6,817,45,246,293,285,25,817,41,14,34.1,23,56.1,423,2283,1359,34,17,4,15,7,480,95
Dennis Praet,be BEL,"MF,FW",Leicester City,28,1994,7.2,342,11,67,163,118,14,342,14,6,42.9,7,50.0,177,902,357,15,7,1,11,10,217,42
Isaac Price,nir NIR,MF,Everton,18,2003,0.4,17,1,5,10,2,0,17,1,1,100.0,0,0.0,10,40,12,1,0,0,1,0,13,0
Christian Pulisic,us USA,"FW,DF",Chelsea,23,1998,9.1,429,4,53,168,216,43,429,44,13,29.5,22,50.0,299,2126,1044,35,30,14,26,13,328,76
Aaron Ramsdale,eng ENG,GK,Arsenal,24,1998,38.0,1196,872,1170,28,0,0,1196,1,1,100.0,0,0.0,722,3934,2459,0,1,0,0,0,629,0
Jacob Ramsey,eng ENG,"MF,FW",Aston Villa,21,2001,29.3,1245,57,238,609,422,85,1245,77,31,40.3,31,40.3,752,5322,2656,94,62,21,62,37,819,119
Marcus Rashford,eng ENG,FW,Manchester Utd,24,1997,32.0,1212,22,102,429,704,183,1212,138,54,39.1,73,52.9,765,4830,2344,85,51,55,80,44,928,245
David Raya,es ESP,GK,Brentford,26,1995,38.0,1722,1257,1616,108,1,1,1722,1,1,100.0,0,0.0,1030,5891,3795,0,0,0,0,0,808,0
Tim Ream,us USA,DF,Fulham,34,1987,32.2,2193,312,1124,1020,61,14,2193,15,10,66.7,3,20.0,1363,7717,5069,28,13,0,15,5,1450,2
Nathan Redmond,eng ENG,DF,Southampton,28,1994,0.0,1,0,0,0,1,0,1,0,0,,0,,1,1,1,0,0,0,0,0,1,1
Harrison Reed,eng ENG,MF,Fulham,27,1995,31.8,1585,57,292,842,463,50,1585,28,10,35.7,16,57.1,765,3430,1141,30,22,4,44,25,972,107
Bobby Reid,jm JAM,"FW,DF",Fulham,29,1993,27.5,1191,55,228,488,490,77,1191,53,18,34.0,26,49.1,649,2956,1333,46,33,11,53,32,759,186
Declan Rice,eng ENG,MF,West Ham,23,1999,36.4,2475,123,670,1419,433,24,2474,63,35,55.6,23,36.5,1454,9145,4894,88,75,5,28,26,1642,37
Chris Richards,us USA,DF,Crystal Palace,22,2000,5.0,274,47,131,119,24,7,274,0,0,,0,,120,550,269,4,1,0,3,2,149,3
Richarlison,br BRA,"MF,FW",Tottenham,25,1997,11.2,441,11,78,172,200,62,441,34,12,35.3,18,52.9,260,1598,783,33,19,13,40,18,306,75
Jaïro Riedewald,nl NED,"DF,MF",Crystal Palace,25,1996,0.7,54,6,19,23,14,1,54,0,0,,0,,23,111,69,1,1,0,0,0,28,1
Matt Ritchie,sct SCO,"FW,MF",Newcastle Utd,32,1989,0.4,35,1,8,12,16,1,35,1,1,100.0,0,0.0,23,101,48,1,3,0,1,0,27,9
Andrew Robertson,sct SCO,DF,Liverpool,28,1994,28.7,2483,79,691,1084,727,59,2483,42,17,40.5,23,54.8,1385,6702,3934,80,60,10,31,7,1637,194
Antonee Robinson,us USA,DF,Fulham,24,1997,34.3,2260,125,778,937,580,29,2260,74,39,52.7,26,35.1,1173,7817,4248,112,86,10,40,20,1263,153
Joel Robles,es ESP,GK,Leeds United,32,1990,4.0,136,101,129,8,0,0,136,0,0,,0,,57,337,251,0,0,0,0,0,44,0
Marc Roca,es ESP,MF,Leeds United,25,1996,25.7,1571,47,333,914,333,26,1571,30,17,56.7,10,33.3,822,3627,1914,25,18,6,26,26,948,28
Marek Rodák,sk SVK,GK,Fulham,25,1996,2.0,65,58,65,0,0,0,65,0,0,,0,,36,206,94,0,0,0,1,0,21,0
Rodri,es ESP,MF,Manchester City,26,1996,32.3,3272,119,706,1993,592,62,3272,37,25,67.6,8,21.6,2004,10293,5622,76,72,3,21,19,2511,37
Rodrigo,es ESP,"FW,MF",Leeds United,31,1991,21.5,804,26,94,372,341,110,803,29,12,41.4,15,51.7,451,2217,825,40,17,24,57,24,547,143
Mads Roerslev,dk DEN,DF,Brentford,23,1999,12.3,426,50,178,140,109,13,426,7,3,42.9,3,42.9,186,817,278,8,7,2,14,9,210,36
Cristian Romero,ar ARG,DF,Tottenham,24,1998,26.3,1923,299,976,849,111,17,1923,22,13,59.1,8,36.4,1150,5216,2993,19,25,1,19,10,1226,9
Oriol Romeu,es ESP,MF,Southampton,30,1991,0.8,37,2,5,19,14,1,37,1,1,100.0,0,0.0,18,128,66,2,1,0,1,0,20,0
Cristiano Ronaldo,pt POR,FW,Manchester Utd,37,1985,5.8,220,8,25,91,106,32,220,9,4,44.4,3,33.3,94,477,288,9,6,3,7,3,167,33
Connor Ronan,ie IRL,MF,Wolves,24,1998,0.0,4,0,0,3,1,0,4,1,1,100.0,0,0.0,1,4,2,0,0,0,0,0,3,1
Salomón Rondón,ve VEN,FW,Everton,32,1989,1.2,36,1,2,15,19,4,36,1,1,100.0,0,0.0,16,33,3,0,1,0,1,1,32,7
Joe Rothwell,eng ENG,MF,Bournemouth,27,1995,11.3,538,19,131,309,105,5,538,23,16,69.6,7,30.4,285,1640,790,12,12,2,8,4,319,12
Georginio Rutter,fr FRA,"FW,MF",Leeds United,20,2002,3.0,124,4,13,47,65,20,124,25,9,36.0,13,52.0,76,351,126,5,1,3,15,14,86,21
José Sá,pt POR,GK,Wolves,29,1993,36.0,1277,1153,1271,7,0,0,1277,2,2,100.0,0,0.0,731,4563,2991,0,0,0,4,0,585,0
Marcel Sabitzer,at AUT,MF,Manchester Utd,28,1994,7.0,377,18,69,200,110,20,377,3,1,33.3,1,33.3,209,751,361,8,6,0,9,5,247,26
Allan Saint-Maximin,fr FRA,FW,Newcastle Utd,25,1997,12.4,598,5,69,198,348,77,598,99,57,57.6,33,33.3,435,4137,2512,93,51,41,31,30,456,111
Bukayo Saka,eng ENG,FW,Arsenal,20,2001,35.3,1882,21,160,474,1270,237,1879,161,61,37.9,69,42.9,1191,8403,4557,179,92,84,78,59,1361,520
Mohamed Salah,eg EGY,FW,Liverpool,30,1992,36.6,1634,4,83,539,1028,301,1630,134,50,37.3,72,53.7,1107,6382,3036,120,66,87,110,79,1305,421
William Saliba,fr FRA,DF,Arsenal,21,2001,26.8,2056,174,905,1094,64,15,2056,11,8,72.7,1,9.1,1323,6658,3908,13,14,1,15,6,1423,2
Mohammed Salisu,gh GHA,DF,Southampton,23,1999,21.9,1504,220,755,635,124,25,1504,10,7,70.0,3,30.0,725,3391,1556,5,11,0,5,9,757,4
Albert Sambi Lokonga,be BEL,MF,Arsenal,22,1999,2.2,154,6,32,95,29,0,154,2,1,50.0,0,0.0,96,393,145,0,6,0,1,1,113,2
Albert Sambi Lokonga,be BEL,MF,Crystal Palace,22,1999,6.0,325,22,109,170,47,2,325,5,1,20.0,2,40.0,172,804,368,2,2,0,3,6,211,2
Davinson Sánchez,co COL,DF,Tottenham,26,1996,9.5,719,99,364,310,46,10,719,6,2,33.3,3,50.0,406,1607,788,5,2,0,3,2,473,4
Robert Sánchez,es ESP,GK,Brighton,24,1997,23.0,826,692,822,4,0,0,826,0,0,,0,,523,2418,1458,0,0,0,0,0,480,0
Jadon Sancho,eng ENG,"FW,MF",Manchester Utd,22,2000,18.7,977,16,118,339,536,106,977,78,33,42.3,40,51.3,640,3825,2193,88,39,45,50,20,715,173
Morgan Sanson,fr FRA,MF,Aston Villa,27,1994,0.1,9,1,1,4,4,0,9,0,0,,0,,5,11,9,0,0,0,1,0,5,0
Pablo Sarabia,es ESP,"FW,MF",Wolves,30,1992,8.5,450,9,68,189,199,22,450,12,2,16.7,9,75.0,267,1195,522,17,15,4,9,14,312,54
Jeremy Sarmiento,ec ECU,MF,Brighton,20,2002,2.0,100,0,13,39,48,10,100,11,6,54.5,4,36.4,69,386,129,5,3,1,6,7,77,20
Gianluca Scamacca,it ITA,FW,West Ham,23,1999,10.3,273,5,13,135,128,38,273,14,6,42.9,6,42.9,143,660,282,13,7,3,23,18,203,48
Gustavo Scarpa,br BRA,"MF,FW",Nott'ham Forest,28,1994,2.0,108,3,24,58,27,1,108,4,1,25.0,2,50.0,67,515,313,9,5,0,1,0,71,4
Kevin Schade,de GER,FW,Brentford,20,2001,8.1,291,7,38,94,165,48,291,35,12,34.3,18,51.4,147,1199,501,24,12,15,25,9,186,57
Fabian Schär,ch SUI,DF,Newcastle Utd,30,1991,35.6,2235,248,1101,938,213,73,2235,13,4,30.8,7,53.8,1214,6337,4115,27,26,3,20,7,1341,32
Jeffrey Schlupp,gh GHA,"MF,FW",Crystal Palace,29,1992,28.1,1193,63,281,640,293,48,1193,56,30,53.6,19,33.9,602,3035,1232,32,25,11,33,33,707,67
Nélson Semedo,pt POR,DF,Wolves,28,1993,29.2,1858,139,589,837,451,29,1858,73,33,45.2,33,45.2,998,5308,2691,50,42,5,42,19,1087,147
Antoine Semenyo,gh GHA,"FW,MF",Bournemouth,22,2000,2.9,102,8,24,43,39,5,102,6,3,50.0,2,33.3,58,508,239,5,9,4,12,6,64,11
Marcos Senesi,ar ARG,DF,Bournemouth,25,1997,27.7,1647,340,1037,568,57,16,1647,13,8,61.5,4,30.8,929,4383,2386,9,12,1,15,4,983,3
Ryan Sessegnon,eng ENG,DF,Tottenham,22,2000,9.0,493,29,157,170,168,27,493,11,5,45.5,4,36.4,233,1435,815,24,11,5,11,10,270,64
Luke Shaw,eng ENG,DF,Manchester Utd,27,1995,28.4,2388,175,810,1124,475,22,2388,39,14,35.9,17,43.6,1298,6356,3352,53,44,3,24,8,1459,76
Jonjo Shelvey,eng ENG,MF,Newcastle Utd,30,1992,0.4,28,0,8,18,2,0,28,0,0,,0,,10,63,19,0,0,0,0,0,17,0
Jonjo Shelvey,eng ENG,MF,Nott'ham Forest,30,1992,6.0,345,23,102,209,35,1,345,4,4,100.0,0,0.0,178,978,442,1,3,0,3,4,214,0
Bernardo Silva,pt POR,"MF,FW",Manchester City,27,1994,24.5,1772,31,281,797,707,92,1772,64,28,43.8,29,45.3,1115,7092,3523,90,73,29,30,31,1324,188
Thiago Silva,br BRA,DF,Chelsea,37,1984,26.1,2302,348,1167,1081,58,24,2302,4,3,75.0,0,0.0,1460,6611,3891,8,14,0,6,1,1674,2
Ellis Simms,eng ENG,FW,Everton,21,2001,2.5,84,1,2,36,47,11,84,2,2,100.0,0,0.0,37,156,55,2,2,2,6,2,65,19
Luis Sinisterra,co COL,FW,Leeds United,23,1999,9.6,469,7,50,212,215,32,469,42,19,45.2,17,40.5,281,1740,931,30,17,8,16,23,341,84
Oliver Skipp,eng ENG,MF,Tottenham,21,2000,16.6,915,45,245,554,124,7,915,15,11,73.3,3,20.0,496,2147,941,14,15,2,17,16,634,25
Adam Smith,eng ENG,DF,Bournemouth,31,1991,32.7,1527,112,602,650,296,17,1527,30,6,20.0,17,56.7,647,2762,1368,28,21,3,21,4,771,54
Emile Smith Rowe,eng ENG,"MF,FW",Arsenal,22,2000,1.9,102,1,14,37,51,9,102,5,2,40.0,3,60.0,68,303,119,2,1,0,0,4,71,11
Cédric Soares,pt POR,DF,Arsenal,30,1991,0.3,27,2,8,9,10,0,27,0,0,,0,,14,87,67,1,2,0,0,0,20,0
Cédric Soares,pt POR,DF,Fulham,30,1991,2.2,213,10,58,89,66,3,213,2,2,100.0,0,0.0,120,496,242,4,2,1,2,2,140,12
Dominic Solanke,eng ENG,"FW,MF",Bournemouth,24,1997,31.8,1012,54,157,423,454,159,1012,110,45,40.9,54,49.1,637,4479,1723,70,40,36,134,74,730,167
Manor Solomon,il ISR,FW,Fulham,23,1999,6.4,292,9,62,91,147,11,292,37,19,51.4,15,40.5,191,1555,723,16,16,2,13,11,186,51
Tomáš Souček,cz CZE,MF,West Ham,27,1995,31.3,1366,124,432,652,288,71,1366,17,2,11.8,12,70.6,544,2087,695,11,17,0,23,18,742,52
Boubakary Soumaré,fr FRA,MF,Leicester City,23,1999,18.1,1091,45,319,675,112,2,1091,22,12,54.5,6,27.3,588,2940,1182,17,12,0,26,22,733,20
Harry Souttar,au AUS,DF,Leicester City,23,1998,11.0,663,104,365,282,20,15,663,5,3,60.0,0,0.0,390,1878,948,6,2,1,3,0,420,4
Çağlar Söyüncü,tr TUR,DF,Leicester City,26,1996,5.9,382,71,226,147,12,7,382,1,1,100.0,0,0.0,185,1096,601,5,1,0,2,0,203,0
Djed Spence,eng ENG,"FW,DF",Tottenham,21,2000,0.1,12,0,3,1,8,2,12,1,0,0.0,0,0.0,8,92,66,2,1,1,0,2,10,2
Jack Stacey,eng ENG,DF,Bournemouth,26,1996,3.3,174,17,67,62,47,2,174,8,3,37.5,5,62.5,74,462,221,9,4,1,3,4,78,15
Junior Stanislas,eng ENG,MF,Bournemouth,32,1989,0.7,34,0,3,15,16,3,34,0,0,,0,,18,92,13,0,1,0,1,1,27,5
Jay Stansfield,eng ENG,FW,Fulham,19,2002,1.0,35,2,7,14,15,7,35,0,0,,0,,13,88,35,2,2,0,2,2,23,4
Jason Steele,eng ENG,GK,Brighton,31,1990,15.0,574,469,570,4,0,0,574,1,1,100.0,0,0.0,377,1675,868,0,0,0,0,0,354,0
Jack Stephens,eng ENG,DF,Southampton,28,1994,0.5,33,4,8,17,8,0,33,0,0,,0,,16,135,86,3,2,0,0,1,25,0
Jack Stephens,eng ENG,DF,Bournemouth,28,1994,13.0,665,125,364,275,28,7,665,3,3,100.0,0,0.0,368,1674,863,7,3,0,5,1,398,3
Raheem Sterling,eng ENG,"FW,MF",Chelsea,27,1994,21.0,910,8,63,278,583,121,910,93,39,41.9,46,49.5,651,4002,2153,81,56,39,46,50,749,186
John Stones,eng ENG,"DF,MF",Manchester City,28,1994,20.5,1690,101,544,942,210,27,1690,10,6,60.0,1,10.0,1080,6201,3250,28,32,1,8,4,1312,34
Pascal Struijk,nl NED,DF,Leeds United,22,1999,24.4,1619,92,538,708,379,31,1619,18,9,50.0,7,38.9,700,2806,1465,24,25,1,25,12,803,53
Kamaldeen Sulemana,gh GHA,"FW,MF",Southampton,20,2002,10.7,431,7,47,175,222,44,431,68,36,52.9,31,45.6,277,2315,973,32,27,18,35,16,294,80
Crysencio Summerville,nl NED,FW,Leeds United,20,2001,15.8,637,10,99,241,311,70,637,60,24,40.0,22,36.7,420,2617,1326,51,27,19,45,36,438,92
Sam Surridge,eng ENG,FW,Nott'ham Forest,24,1998,3.6,137,9,27,55,59,15,137,5,2,40.0,2,40.0,71,361,140,2,5,1,13,4,93,17
Japhet Tanganga,eng ENG,DF,Tottenham,23,1999,1.6,109,5,48,59,3,0,109,2,1,50.0,1,50.0,68,308,133,1,2,0,3,1,71,2
Matt Targett,eng ENG,DF,Newcastle Utd,26,1995,6.8,463,20,149,186,131,0,463,2,2,100.0,0,0.0,197,673,409,3,5,0,5,6,241,13
James Tarkowski,eng ENG,DF,Everton,29,1992,38.0,2119,369,1090,926,113,81,2119,10,9,90.0,1,10.0,982,4413,2295,13,3,1,22,5,1209,11
Marcus Tavernier,eng ENG,"MF,FW",Bournemouth,23,1999,19.4,1008,37,200,390,450,59,1008,96,45,46.9,45,46.9,592,4060,2028,67,43,21,46,40,636,137
Tetê,br BRA,FW,Leicester City,22,2000,8.2,350,5,59,165,134,30,350,33,20,60.6,10,30.3,212,1624,708,22,11,15,19,13,237,55
Kenny Tete,nl NED,DF,Fulham,26,1995,28.5,1896,107,556,877,489,30,1896,37,21,56.8,12,32.4,821,4563,2401,75,55,4,22,24,946,69
Luke Thomas,eng ENG,DF,Leicester City,21,2001,11.9,786,39,319,359,115,3,786,12,6,50.0,5,41.7,355,1374,610,10,8,1,9,8,414,13
Youri Tielemans,be BEL,MF,Leicester City,25,1997,26.0,1877,62,436,1080,382,14,1875,35,26,74.3,5,14.3,952,4043,2088,35,25,1,33,15,1309,56
Kieran Tierney,sct SCO,DF,Arsenal,25,1997,8.8,579,23,153,244,183,15,579,12,3,25.0,3,25.0,316,1802,837,25,12,3,7,0,338,31
Harry Toffolo,eng ENG,DF,Nott'ham Forest,26,1995,10.4,498,48,175,179,151,12,498,9,3,33.3,5,55.6,191,721,342,8,6,4,10,6,223,43
Takehiro Tomiyasu,jp JPN,DF,Arsenal,23,1998,7.4,557,26,138,293,130,17,557,4,1,25.0,2,50.0,311,1380,624,14,7,1,7,4,344,28
James Tomkins,eng ENG,DF,Crystal Palace,33,1989,3.8,208,34,142,59,7,3,208,1,1,100.0,0,0.0,117,429,220,1,1,0,2,1,130,1
Ivan Toney,eng ENG,FW,Brentford,26,1996,32.8,1219,50,141,529,557,156,1212,54,16,29.6,29,53.7,625,2463,724,14,21,8,100,47,889,165
Adama Traoré,es ESP,"FW,MF",Wolves,26,1996,16.6,714,18,102,251,379,56,714,104,49,47.1,34,32.7,461,4017,2107,85,41,25,59,27,555,156
Bertrand Traoré,bf BFA,"FW,MF",Aston Villa,26,1995,2.6,114,0,8,41,66,13,114,4,1,25.0,3,75.0,81,462,246,9,3,5,8,7,89,28
Boubacar Traoré,ml MLI,MF,Wolves,20,2001,4.6,185,6,51,110,26,2,185,9,4,44.4,4,44.4,90,529,267,4,3,0,3,3,104,2
Mark Travers,ie IRL,GK,Bournemouth,23,1999,11.5,402,373,401,1,0,0,402,0,0,,0,,182,884,457,0,0,0,0,0,145,0
Kieran Trippier,eng ENG,DF,Newcastle Utd,31,1990,37.1,3102,124,774,1282,1066,26,3102,35,19,54.3,12,34.3,1300,4599,2393,45,46,1,27,9,1593,151
Leandro Trossard,be BEL,FW,Arsenal,27,1994,10.3,567,9,64,179,331,43,567,26,15,57.7,6,23.1,374,2386,1107,36,16,10,18,23,417,102
Leandro Trossard,be BEL,"FW,MF",Brighton,27,1994,14.6,697,3,62,278,368,90,697,40,14,35.0,19,47.5,429,2443,1192,40,27,24,38,26,531,118
Kostas Tsimikas,gr GRE,DF,Liverpool,26,1996,8.6,713,23,170,281,268,22,713,15,4,26.7,8,53.3,355,1833,874,23,9,5,13,7,409,77
Deniz Undav,de GER,"FW,MF",Brighton,26,1996,7.0,231,4,19,97,116,42,231,6,4,66.7,2,33.3,120,518,350,12,6,4,13,8,179,40
Yan Valery,tn TUN,DF,Southampton,23,1999,0.5,28,3,7,18,3,0,28,0,0,,0,,17,91,18,0,1,0,1,3,20,0
Virgil van Dijk,nl NED,DF,Liverpool,31,1991,31.5,2876,361,1327,1427,128,66,2876,1,1,100.0,0,0.0,1760,6644,3152,10,14,2,7,0,2085,8
Raphaël Varane,fr FRA,DF,Manchester Utd,29,1993,21.2,1293,153,611,631,54,18,1293,10,6,60.0,4,40.0,797,5357,3030,17,15,0,2,1,850,4
Jamie Vardy,eng ENG,FW,Leicester City,35,1987,20.6,438,32,59,176,206,71,437,29,12,41.4,14,48.3,192,926,358,16,9,13,33,16,261,101
Joël Veltman,nl NED,DF,Brighton,30,1992,24.3,1740,92,563,895,293,23,1740,20,5,25.0,8,40.0,952,4436,2233,43,32,2,20,10,1065,49
Fabio Vieira,pt POR,"MF,FW",Arsenal,22,2000,5.7,356,6,27,162,170,27,356,18,6,33.3,11,61.1,215,868,327,8,8,1,13,8,255,40
Matías Viña,uy URU,DF,Bournemouth,24,1997,5.1,289,27,114,105,74,11,289,24,10,41.7,11,45.8,122,686,434,10,6,5,11,6,136,19
Rúben Vinagre,pt POR,"DF,MF",Everton,23,1999,0.3,31,1,7,16,9,0,31,3,1,33.3,0,0.0,15,98,52,2,1,0,1,1,17,1
Carlos Vinícius,br BRA,FW,Fulham,27,1995,12.3,329,11,24,136,173,56,329,15,5,33.3,8,53.3,182,842,301,9,9,5,48,23,248,46
Theo Walcott,eng ENG,"FW,MF",Southampton,33,1989,12.5,384,13,75,151,169,44,384,24,12,50.0,10,41.7,224,1384,749,21,12,10,24,12,256,62
Kyle Walker,eng ENG,DF,Manchester City,32,1990,21.8,1996,57,438,1198,370,15,1996,19,13,68.4,4,21.1,1189,5455,2900,50,40,2,14,6,1542,75
Kyle Walker-Peters,eng ENG,DF,Southampton,25,1997,29.4,1692,90,469,731,520,50,1692,103,49,47.6,39,37.9,877,5862,3236,102,76,19,39,43,917,114
Aaron Wan-Bissaka,eng ENG,DF,Manchester Utd,24,1997,15.9,1026,75,346,400,286,44,1026,35,17,48.6,18,51.4,524,2614,1370,41,24,4,14,10,600,64
Danny Ward,wls WAL,GK,Leicester City,29,1993,26.0,1000,806,996,5,0,0,1000,0,0,,0,,559,2832,1665,0,0,0,0,0,482,0
Joel Ward,eng ENG,DF,Crystal Palace,32,1989,25.1,1469,119,546,637,292,21,1469,9,7,77.8,1,11.1,620,2382,1228,22,15,1,25,10,761,46
James Ward-Prowse,eng ENG,MF,Southampton,27,1994,37.5,2484,97,447,1380,667,28,2480,20,7,35.0,12,60.0,1172,4364,2014,19,27,1,26,22,1462,58
Ollie Watkins,eng ENG,FW,Aston Villa,26,1995,34.7,927,47,86,365,488,164,925,65,18,27.7,36,55.4,475,2519,1164,50,24,32,82,39,684,196
Adam Webster,eng ENG,DF,Brighton,27,1995,22.1,1888,170,819,969,108,27,1888,8,3,37.5,4,50.0,1228,6306,3739,19,18,0,11,5,1369,9
Wout Weghorst,nl NED,"FW,MF",Manchester Utd,29,1992,8.9,291,16,45,151,97,26,291,12,4,33.3,7,58.3,161,462,156,3,7,0,15,12,206,41
Danny Welbeck,eng ENG,FW,Brighton,31,1990,20.6,693,23,44,281,376,117,693,45,22,48.9,18,40.0,407,1859,878,31,18,10,60,23,519,134
Ben White,eng ENG,DF,Arsenal,24,1997,33.9,2532,103,554,1305,685,48,2532,29,8,27.6,15,51.7,1448,6506,3565,64,46,3,27,7,1698,124
Harvey White,eng ENG,MF,Tottenham,20,2001,0.1,8,0,0,4,4,0,8,0,0,,0,,5,11,4,0,0,0,0,0,5,1
Joseph Whitworth,eng ENG,GK,Crystal Palace,18,2004,2.0,87,79,87,0,0,0,87,0,0,,0,,52,208,109,0,0,0,0,0,50,0
Neco Williams,wls WAL,DF,Nott'ham Forest,21,2001,20.9,1153,82,445,422,309,23,1153,55,19,34.5,31,56.4,555,3620,2064,51,33,5,31,17,532,67
Willian,br BRA,FW,Fulham,33,1988,23.6,1121,10,118,419,602,78,1121,71,37,52.1,22,31.0,749,5394,2727,97,69,29,44,25,831,152
Joe Willock,eng ENG,MF,Newcastle Utd,22,1999,28.4,1324,37,202,586,556,114,1324,93,37,39.8,43,46.2,784,5213,2866,97,62,33,65,27,896,152
Callum Wilson,eng ENG,FW,Newcastle Utd,30,1992,20.9,482,8,25,179,281,124,479,36,12,33.3,19,52.8,303,1484,673,27,14,16,72,36,360,118
Harry Wilson,wls WAL,FW,Fulham,25,1997,12.2,551,18,89,214,253,37,551,33,12,36.4,14,42.4,343,1989,780,18,16,8,23,15,397,87
Yoane Wissa,cd COD,FW,Brentford,25,1996,17.8,517,14,67,193,268,62,517,44,20,45.5,15,34.1,312,1573,658,24,12,11,41,25,345,104
Maximilian Wöber,at AUT,DF,Leeds United,24,1998,14.1,858,110,381,400,81,17,858,1,0,0.0,1,100.0,426,2264,1311,15,9,0,6,2,438,15
Chris Wood,nz NZL,FW,Newcastle Utd,30,1991,5.0,149,8,19,70,60,16,148,2,1,50.0,0,0.0,52,159,62,1,1,0,12,5,101,23
Chris Wood,nz NZL,FW,Nott'ham Forest,30,1991,4.1,99,4,12,57,31,8,99,2,0,0.0,2,100.0,50,189,70,2,2,0,11,6,79,12
Joe Worrall,eng ENG,DF,Nott'ham Forest,25,1997,24.7,1408,213,813,524,75,29,1408,4,3,75.0,1,25.0,684,2948,1604,5,5,1,6,4,796,1
Granit Xhaka,ch SUI,MF,Arsenal,29,1992,33.3,1891,84,341,900,658,106,1891,28,15,53.6,10,35.7,1112,4242,2161,42,38,9,35,25,1397,175
Ryan Yates,eng ENG,MF,Nott'ham Forest,24,1997,20.4,790,66,235,418,143,34,790,9,4,44.4,3,33.3,303,1260,577,11,4,3,18,15,384,27
Ashley Young,eng ENG,DF,Aston Villa,37,1985,22.6,1411,86,502,675,252,10,1411,22,8,36.4,10,45.5,701,3235,1554,29,20,4,18,5,767,33
Illia Zabarnyi,ua UKR,DF,Bournemouth,19,2002,3.3,234,37,159,74,2,0,234,2,1,50.0,0,0.0,166,1013,654,1,1,0,3,2,174,0
Wilfried Zaha,ci CIV,"FW,MF",Crystal Palace,29,1992,25.4,1040,12,100,388,567,143,1038,137,55,40.1,65,47.4,729,4850,2139,86,43,59,95,82,821,238
Denis Zakaria,ch SUI,MF,Chelsea,25,1996,4.6,218,12,66,112,44,2,218,8,5,62.5,3,37.5,140,646,291,9,3,2,4,9,159,3
Jordan Zemura,zw ZIM,DF,Bournemouth,22,1999,16.2,808,46,302,297,222,31,808,40,18,45.0,18,45.0,375,2345,1235,39,29,10,35,16,409,48
Oleksandr Zinchenko,ua UKR,DF,Arsenal,25,1996,23.5,2112,77,463,1058,610,33,2112,25,15,60.0,9,36.0,1263,6899,3787,67,66,8,16,15,1398,68
Hakim Ziyech,ma MAR,"FW,MF",Chelsea,29,1993,7.3,505,12,74,184,251,17,505,33,14,42.4,15,45.5,303,1505,657,20,17,7,12,13,354,69
Kurt Zouma,fr FRA,DF,West Ham,27,1994,22.1,1050,230,654,364,35,29,1050,5,2,40.0,3,60.0,523,2150,1018,3,1,0,6,1,621,1
Martin Ødegaard,no NOR,MF,Arsenal,23,1998,34.7,2100,27,199,864,1060,122,2100,83,48,57.8,29,34.9,1284,6930,3022,83,60,26,42,45,1550,193
