Player,Nation,Pos,Squad,Age,Born,90s,TotalPassesCmp,TotalPassesAtt,PassCmp%,TotDist,PrgDist,ShortPassesCmp,ShortPassesAtt,ShortPassesCmp%,MediumPassesCmp,MediumPassesAtt,MediumPassesCmp%,LongPassesCmp,LongPassesAtt,LongPassesCmp%,Ast,xAG,xA,A-xAG,KP,1/3,PPA,CrsPA,PrgP
Brenden Aaronson,us USA,"MF,FW",Leeds United,21,2000,26.4,592,797,74.3,7577,2182,346,423,81.8,150,195,76.9,25,65,38.5,3,4.2,2.6,-1.2,46,47,16,4,86
George Abbott,eng ENG,MF,Tottenham,16,2005,0.0,1,1,100.0,8,0,1,1,100.0,0,0,,0,0,,0,0.0,0.0,0.0,0,0,0,0,0
Che Adams,sct SCO,FW,Southampton,26,1996,22.1,330,498,66.3,4651,1042,205,278,73.7,78,118,66.1,26,37,70.3,3,2.8,2.2,0.2,24,21,11,2,34
Tyler Adams,us USA,MF,Leeds United,23,1999,24.0,1108,1343,82.5,16592,5061,607,686,88.5,390,460,84.8,63,107,58.9,0,1.4,1.0,-1.4,24,110,13,0,136
Tosin Adarabioyo,eng ENG,DF,Fulham,24,1997,23.2,1066,1300,82.0,22623,8478,265,307,86.3,653,735,88.8,136,223,61.0,0,0.4,0.5,-0.4,6,96,7,0,95
Nayef Aguerd,ma MAR,DF,West Ham,26,1996,17.7,599,763,78.5,12203,5332,224,244,91.8,287,335,85.7,82,169,48.5,0,0.5,0.3,-0.5,6,37,4,0,25
Naouirou Ahamada,fr FRA,"MF,FW",Crystal Palace,20,2002,1.0,37,46,80.4,550,179,19,23,82.6,15,17,88.2,1,3,33.3,0,0.1,0.0,-0.1,1,3,0,0,2
Rayan Aït Nouri,dz ALG,DF,Wolves,21,2001,12.0,470,578,81.3,7079,2353,268,300,89.3,169,205,82.4,20,32,62.5,0,1.0,0.9,-1.0,7,29,14,5,43
Kristoffer Ajer,no NOR,DF,Brentford,24,1998,8.5,259,345,75.1,4480,1887,131,159,82.4,102,128,79.7,23,40,57.5,0,0.0,0.1,0.0,1,20,3,1,31
Manuel Akanji,ch SUI,DF,Manchester City,27,1995,25.4,1912,2056,93.0,32634,10258,867,902,96.1,903,945,95.6,117,166,70.5,1,0.4,1.0,0.6,7,140,3,1,116
Nathan Aké,nl NED,DF,Manchester City,27,1995,20.8,1639,1813,90.4,26199,8953,803,846,94.9,745,809,92.1,63,98,64.3,0,0.7,1.3,-0.7,9,165,9,1,140
Marc Albrighton,eng ENG,"FW,MF",Leicester City,32,1989,2.6,89,148,60.1,1440,551,48,60,80.0,23,34,67.6,12,34,35.3,0,0.9,0.4,-0.9,6,6,5,2,7
Thiago Alcántara,es ESP,MF,Liverpool,31,1991,13.9,946,1097,86.2,17219,4988,433,466,92.9,346,392,88.3,136,172,79.1,0,1.1,1.3,-1.1,17,110,20,1,120
Carlos Alcaraz,ar ARG,"MF,FW",Southampton,19,2002,11.4,222,290,76.6,3147,669,114,137,83.2,80,95,84.2,8,19,42.1,2,0.7,0.7,1.3,5,20,6,0,28
Trent Alexander-Arnold,eng ENG,DF,Liverpool,23,1998,32.5,2188,2912,75.1,41590,16323,1000,1123,89.0,822,1045,78.7,331,642,51.6,9,11.5,9.1,-2.5,71,239,82,28,235
Alisson,br BRA,GK,Liverpool,29,1992,37.0,1241,1453,85.4,29043,18696,307,309,99.4,657,666,98.6,273,469,58.2,1,0.3,0.0,0.7,1,16,0,0,3
Dele Alli,eng ENG,MF,Everton,26,1996,0.4,12,15,80.0,123,10,6,8,75.0,4,5,80.0,0,0,,0,0.0,0.0,0.0,0,2,0,0,1
Miguel Almirón,py PAR,FW,Newcastle Utd,28,1994,27.7,811,982,82.6,10752,2657,513,567,90.5,223,276,80.8,29,40,72.5,2,3.2,3.0,-1.2,26,45,36,4,124
Julián Álvarez,ar ARG,"FW,MF",Manchester City,22,2000,16.3,395,503,78.5,5472,885,232,270,85.9,103,135,76.3,28,43,65.1,0,1.8,1.6,-1.8,18,22,13,2,37
Daniel Amartey,gh GHA,DF,Leicester City,27,1994,17.9,1015,1114,91.1,17506,6591,442,473,93.4,498,526,94.7,62,91,68.1,0,0.5,0.4,-0.5,5,58,1,0,66
Samuel Amo-Ameyaw,eng ENG,MF,Southampton,16,2006,0.0,5,6,83.3,74,11,0,1,0.0,3,3,100.0,0,0,,0,0.0,0.0,0.0,1,2,0,0,1
Joachim Andersen,dk DEN,DF,Crystal Palace,26,1996,30.9,1561,1972,79.2,36474,13911,346,391,88.5,927,1007,92.1,281,534,52.6,0,1.3,1.0,-1.3,12,153,8,1,105
Elliot Anderson,sct SCO,"MF,FW",Newcastle Utd,19,2002,4.6,150,198,75.8,2043,599,90,104,86.5,44,56,78.6,5,10,50.0,1,1.3,1.5,-0.3,9,15,4,0,24
Jaidon Anthony,eng ENG,"MF,FW",Bournemouth,22,1999,14.0,387,526,73.6,5818,1610,225,257,87.5,110,150,73.3,31,63,49.2,1,1.0,1.1,0.0,12,24,19,7,49
Michail Antonio,jm JAM,FW,West Ham,32,1990,20.3,186,348,53.4,2663,501,114,168,67.9,55,108,50.9,12,31,38.7,3,1.3,0.8,1.7,15,12,8,2,27
Antony,br BRA,FW,Manchester Utd,22,2000,20.0,651,819,79.5,8497,1915,439,495,88.7,146,197,74.1,31,51,60.8,2,2.9,2.4,-0.9,28,29,33,2,74
Cameron Archer,eng ENG,"FW,MF",Aston Villa,21,2001,0.5,8,12,66.7,108,44,5,5,100.0,3,5,60.0,0,0,,0,0.0,0.0,0.0,0,2,0,0,0
Alphonse Areola,fr FRA,GK,West Ham,29,1993,3.4,67,92,72.8,1737,1323,25,25,100.0,22,22,100.0,19,43,44.2,0,0.0,0.0,0.0,0,0,0,0,0
Joe Aribo,ng NGA,"MF,FW",Southampton,26,1996,13.6,280,385,72.7,3591,907,187,240,77.9,66,87,75.9,9,12,75.0,0,0.8,0.5,-0.8,9,20,9,0,39
Adam Armstrong,eng ENG,"FW,MF",Southampton,25,1997,14.8,220,302,72.8,3235,585,120,146,82.2,71,89,79.8,13,23,56.5,1,1.3,0.8,-0.3,11,13,10,2,16
Stuart Armstrong,sct SCO,"MF,FW",Southampton,30,1992,15.6,531,676,78.6,8041,2224,296,341,86.8,189,226,83.6,29,55,52.7,1,2.2,2.8,-1.2,18,47,32,7,75
Kepa Arrizabalaga,es ESP,GK,Chelsea,27,1994,28.5,871,1046,83.3,19299,11448,287,289,99.3,390,395,98.7,190,357,53.2,0,0.0,0.0,0.0,0,6,0,0,0
Pierre-Emerick Aubameyang,ga GAB,FW,Chelsea,33,1989,6.2,82,111,73.9,1053,203,56,70,80.0,22,26,84.6,2,4,50.0,0,0.4,0.2,-0.4,4,2,2,1,3
Ludwig Augustinsson,se SWE,DF,Aston Villa,28,1994,0.9,26,43,60.5,421,176,13,16,81.3,10,16,62.5,2,8,25.0,0,0.0,0.0,0.0,0,0,0,0,0
Serge Aurier,ci CIV,DF,Nott'ham Forest,29,1992,21.6,667,943,70.7,10182,4393,373,454,82.2,236,333,70.9,41,94,43.6,0,1.0,0.9,-1.0,10,44,13,6,71
Taiwo Awoniyi,ng NGA,FW,Nott'ham Forest,24,1997,15.6,143,223,64.1,1675,300,96,133,72.2,34,52,65.4,2,8,25.0,1,1.1,0.3,-0.1,10,6,2,0,12
Yasin Ayari,se SWE,MF,Brighton,18,2003,0.7,20,23,87.0,386,133,10,12,83.3,6,6,100.0,4,4,100.0,0,0.1,0.3,-0.1,2,4,1,0,2
André Ayew,gh GHA,"FW,MF",Nott'ham Forest,32,1989,3.5,53,73,72.6,686,146,38,46,82.6,13,21,61.9,0,1,0.0,0,0.0,0.0,0.0,1,3,1,0,11
Jordan Ayew,gh GHA,"FW,MF",Crystal Palace,30,1991,30.2,676,875,77.3,8710,1706,434,495,87.7,192,246,78.0,15,40,37.5,3,3.2,2.6,-0.2,31,34,19,6,63
Luke Ayling,eng ENG,DF,Leeds United,30,1991,22.8,786,1132,69.4,12523,6236,439,508,86.4,267,374,71.4,62,155,40.0,1,2.0,2.2,-1.0,12,61,18,10,77
César Azpilicueta,es ESP,DF,Chelsea,32,1989,17.0,872,1065,81.9,12891,4354,501,538,93.1,337,414,81.4,21,74,28.4,0,1.1,1.3,-1.1,12,40,19,5,71
Benoît Badiashile,fr FRA,DF,Chelsea,21,2001,10.1,769,860,89.4,14061,5150,284,315,90.2,419,448,93.5,58,83,69.9,0,0.5,0.2,-0.5,3,47,5,0,56
Leon Bailey,jm JAM,"FW,MF",Aston Villa,24,1997,21.9,337,547,61.6,5379,1285,190,248,76.6,97,154,63.0,35,75,46.7,4,4.8,4.8,-0.8,30,19,21,15,28
Stefan Bajcetic,es ESP,MF,Liverpool,17,2004,5.8,200,258,77.5,3227,694,98,118,83.1,74,89,83.1,18,29,62.1,0,0.4,0.5,-0.4,4,17,7,1,24
Dominic Ballard,eng ENG,"FW,MF",Southampton,17,2005,0.3,5,7,71.4,55,5,3,4,75.0,2,2,100.0,0,0,,0,0.0,0.0,0.0,0,0,0,0,0
Patrick Bamford,eng ENG,FW,Leeds United,28,1993,16.8,229,333,68.8,2421,537,166,211,78.7,35,64,54.7,2,8,25.0,2,1.0,0.9,1.0,12,18,9,0,23
Shandon Baptiste,gd GRN,MF,Brentford,24,1998,6.9,247,295,83.7,4143,1121,127,142,89.4,92,104,88.5,21,32,65.6,1,1.1,0.5,-0.1,10,22,8,2,39
Harvey Barnes,eng ENG,"FW,MF",Leicester City,24,1997,30.1,549,786,69.8,7152,2004,363,462,78.6,142,210,67.6,17,37,45.9,1,3.1,2.2,-2.1,19,39,31,5,79
Gavin Bazunu,ie IRL,GK,Southampton,20,2002,32.0,718,1178,61.0,21528,16289,183,185,98.9,256,263,97.3,278,722,38.5,0,0.1,0.1,-0.1,1,42,1,0,1
Mads Bech Sørensen,dk DEN,"DF,MF",Brentford,23,1999,0.2,7,11,63.6,142,49,3,3,100.0,3,4,75.0,1,4,25.0,0,0.0,0.0,0.0,0,2,0,0,1
Jan Bednarek,pl POL,DF,Southampton,26,1996,18.6,753,902,83.5,13941,5608,293,337,86.9,380,417,91.1,72,124,58.1,0,0.1,0.2,-0.1,3,33,1,0,45
Jan Bednarek,pl POL,DF,Aston Villa,26,1996,1.1,60,66,90.9,1249,418,16,17,94.1,33,35,94.3,10,12,83.3,0,0.0,0.0,0.0,0,4,0,0,5
Donny van de Beek,nl NED,MF,Manchester Utd,25,1997,1.9,46,61,75.4,502,115,31,34,91.2,8,8,100.0,1,2,50.0,0,0.1,0.1,-0.1,3,0,4,0,6
Asmir Begović,ba BIH,GK,Everton,35,1987,1.0,21,30,70.0,584,423,3,3,100.0,10,10,100.0,8,17,47.1,0,0.0,0.0,0.0,0,0,0,0,0
Armel Bella Kotchap,de GER,DF,Southampton,20,2001,20.9,749,937,79.9,13980,4521,290,325,89.2,384,424,90.6,67,159,42.1,2,1.0,0.5,1.0,6,32,4,0,39
Saïd Benrahma,dz ALG,"FW,MF",West Ham,26,1995,23.0,597,796,75.0,8154,2088,374,425,88.0,176,241,73.0,25,61,41.0,3,4.5,3.3,-1.5,48,32,23,12,82
Rodrigo Bentancur,uy URU,MF,Tottenham,25,1997,16.7,738,880,83.9,11482,3178,368,413,89.1,301,336,89.6,39,70,55.7,2,0.8,0.7,1.2,11,54,9,4,76
Daniel Bentley,eng ENG,GK,Wolves,29,1993,2.0,61,80,76.3,1540,927,12,12,100.0,34,34,100.0,15,34,44.1,0,0.0,0.0,0.0,0,0,0,0,0
Victor Bernth Kristiansen,dk DEN,DF,Leicester City,19,2002,9.9,327,496,65.9,5252,2353,176,209,84.2,124,191,64.9,24,67,35.8,1,0.8,0.6,0.2,7,29,4,3,31
Owen Bevan,wls WAL,DF,Bournemouth,18,2003,0.1,2,3,66.7,38,7,1,1,100.0,1,1,100.0,0,0,,0,0.0,0.0,0.0,0,0,0,0,0
Giulian Biancone,fr FRA,DF,Nott'ham Forest,22,2000,0.2,15,21,71.4,253,126,6,7,85.7,8,10,80.0,1,3,33.3,0,0.0,0.0,0.0,0,0,0,0,0
Philip Billing,dk DEN,"MF,FW",Bournemouth,26,1996,30.7,813,1055,77.1,11823,3165,460,542,84.9,257,317,81.1,45,94,47.9,1,3.2,2.6,-2.2,26,49,9,3,80
Yves Bissouma,ml MLI,MF,Tottenham,25,1996,11.2,666,733,90.9,10412,2333,340,357,95.2,271,289,93.8,38,48,79.2,0,0.5,0.4,-0.5,8,55,5,1,62
Willy Boly,ci CIV,DF,Nott'ham Forest,31,1991,7.6,194,258,75.2,3706,1660,63,77,81.8,107,126,84.9,20,47,42.6,1,0.2,0.3,0.8,1,8,0,0,12
Sven Botman,nl NED,DF,Newcastle Utd,22,2000,34.7,1527,1765,86.5,30660,11233,480,543,88.4,855,929,92.0,178,258,69.0,0,1.0,1.1,-1.0,9,59,4,1,87
Jarrod Bowen,eng ENG,"FW,MF",West Ham,25,1996,35.9,552,881,62.7,8725,2552,312,385,81.0,170,225,75.6,52,164,31.7,5,7.4,6.0,-2.4,48,39,24,9,72
James Bree,eng ENG,DF,Southampton,24,1997,4.1,133,178,74.7,1971,741,75,92,81.5,43,56,76.8,8,16,50.0,0,0.2,0.2,-0.2,4,5,5,4,5
Armando Broja,al ALB,FW,Chelsea,20,2001,3.3,33,53,62.3,466,54,21,33,63.6,9,15,60.0,2,3,66.7,0,0.1,0.1,-0.1,1,1,1,0,4
David Brooks,wls WAL,"FW,MF",Bournemouth,25,1997,1.9,46,63,73.0,640,140,30,32,93.8,13,16,81.3,2,9,22.2,0,0.2,0.2,-0.2,2,4,1,0,11
Lewis Brunt,eng ENG,DF,Leicester City,21,2000,0.3,17,21,81.0,283,57,7,8,87.5,10,11,90.9,0,1,0.0,0,0.0,0.0,0.0,0,0,0,0,0
Emi Buendía,ar ARG,"MF,FW",Aston Villa,25,1996,26.8,787,1020,77.2,12082,3091,434,513,84.6,255,323,78.9,63,90,70.0,2,5.7,4.2,-3.7,41,84,41,0,138
Hugo Bueno,es ESP,DF,Wolves,19,2002,14.6,547,679,80.6,7697,2227,340,369,92.1,174,214,81.3,19,54,35.2,1,1.3,1.0,-0.3,16,24,10,6,39
Facundo Buonanotte,ar ARG,"FW,MF",Brighton,17,2004,6.3,157,194,80.9,2407,525,101,114,88.6,36,46,78.3,17,21,81.0,1,0.5,0.4,0.5,6,9,10,2,13
Dan Burn,eng ENG,DF,Newcastle Utd,30,1992,34.6,1361,1715,79.4,22235,8853,673,765,88.0,566,682,83.0,94,183,51.4,0,1.3,1.3,-1.3,16,102,11,2,118
Cafú,pt POR,MF,Nott'ham Forest,29,1993,0.1,2,2,100.0,45,41,0,0,,2,2,100.0,0,0,,0,0.0,0.0,0.0,0,1,0,0,1
Moisés Caicedo,ec ECU,MF,Brighton,20,2001,34.9,1993,2251,88.5,30177,8036,1112,1202,92.5,683,755,90.5,126,159,79.2,1,2.7,2.5,-1.7,43,181,35,7,219
Tom Cairney,sct SCO,MF,Fulham,31,1991,11.0,632,750,84.3,10133,2428,326,352,92.6,230,264,87.1,51,84,60.7,0,1.4,1.5,-1.4,12,70,19,5,92
Duje Ćaleta-Car,hr CRO,DF,Southampton,25,1996,10.5,480,568,84.5,9398,3504,155,173,89.6,268,289,92.7,53,93,57.0,0,0.0,0.2,0.0,1,26,0,0,33
Dominic Calvert-Lewin,eng ENG,FW,Everton,25,1997,12.9,131,221,59.3,1575,318,83,125,66.4,29,54,53.7,5,8,62.5,1,0.8,0.8,0.2,9,13,4,0,15
Chem Campbell,wls WAL,"FW,MF",Wolves,19,2002,0.8,23,32,71.9,344,64,10,11,90.9,13,14,92.9,0,5,0.0,0,0.0,0.0,0.0,0,2,0,0,4
João Cancelo,pt POR,DF,Manchester City,28,1994,14.2,1036,1220,84.9,16674,4147,578,621,93.1,363,430,84.4,81,123,65.9,1,0.9,1.5,0.1,12,80,36,9,106
Thomas Cannon,ie IRL,FW,Everton,19,2002,0.3,4,5,80.0,37,0,3,4,75.0,1,1,100.0,0,0,,0,0.5,0.0,-0.5,1,0,0,0,0
Sergi Canós,es ESP,"FW,DF",Brentford,25,1997,0.9,23,43,53.5,268,76,14,18,77.8,4,15,26.7,1,2,50.0,0,0.0,0.0,0.0,1,2,1,0,2
Diego Carlos,br BRA,DF,Aston Villa,29,1993,2.3,112,142,78.9,2338,881,35,41,85.4,60,71,84.5,17,28,60.7,0,0.0,0.1,0.0,1,9,1,0,11
Fabio Carvalho,pt POR,"MF,FW",Liverpool,19,2002,3.9,117,143,81.8,1555,281,72,84,85.7,30,37,81.1,5,6,83.3,0,0.1,0.3,-0.1,1,7,2,0,12
Casemiro,br BRA,MF,Manchester Utd,30,1992,23.6,1114,1439,77.4,19801,7351,515,614,83.9,446,545,81.8,126,204,61.8,3,3.1,3.9,-0.1,28,136,23,4,152
Matty Cash,pl POL,DF,Aston Villa,24,1997,20.2,777,1006,77.2,13672,4595,345,384,89.8,361,441,81.9,61,139,43.9,1,0.7,0.9,0.3,8,57,15,9,75
Timothy Castagne,be BEL,DF,Leicester City,26,1995,36.2,1470,1836,80.1,21125,8419,895,998,89.7,470,586,80.2,60,132,45.5,3,2.6,2.2,0.4,22,89,20,10,106
Jonny Castro,es ESP,DF,Wolves,28,1994,14.0,701,832,84.3,11101,3638,382,419,91.2,264,305,86.6,44,62,71.0,0,1.0,0.8,-1.0,5,60,10,2,70
Julio César Enciso,py PAR,"FW,MF",Brighton,18,2004,9.0,179,258,69.4,2242,548,126,167,75.4,45,66,68.2,3,8,37.5,2,1.7,1.4,0.3,13,14,9,0,31
Nathaniel Chalobah,eng ENG,MF,Fulham,27,1994,0.1,4,5,80.0,67,9,2,2,100.0,2,2,100.0,0,0,,0,0.0,0.0,0.0,0,1,0,0,0
Trevoh Chalobah,eng ENG,DF,Chelsea,23,1999,17.9,1051,1200,87.6,18603,5316,419,467,89.7,551,594,92.8,70,107,65.4,0,0.3,0.3,-0.3,4,64,3,1,71
Calum Chambers,eng ENG,"DF,MF",Aston Villa,27,1995,3.9,157,207,75.8,2924,1310,66,76,86.8,77,94,81.9,14,31,45.2,0,0.3,0.2,-0.3,2,9,2,1,16
Shea Charles,nir NIR,DF,Manchester City,18,2003,0.3,23,25,92.0,456,106,7,8,87.5,13,13,100.0,3,3,100.0,0,0.0,0.0,0.0,0,3,0,0,1
Ben Chilwell,eng ENG,"DF,MF",Chelsea,25,1996,15.6,762,977,78.0,10963,3238,469,507,92.5,223,284,78.5,42,123,34.1,2,2.2,2.4,-0.2,21,42,10,7,41
Ryan Christie,sct SCO,"MF,FW",Bournemouth,27,1995,20.4,521,651,80.0,8356,2028,279,327,85.3,175,196,89.3,47,81,58.0,1,2.4,2.0,-1.4,30,43,19,2,71
Carney Chukwuemeka,eng ENG,"MF,FW",Chelsea,18,2003,3.9,179,203,88.2,2291,502,126,140,90.0,33,37,89.2,8,8,100.0,0,0.6,0.6,-0.6,8,11,7,2,23
Bobby Clark,eng ENG,MF,Liverpool,17,2005,0.1,1,1,100.0,29,17,0,0,,1,1,100.0,0,0,,0,0.0,0.1,0.0,0,0,1,0,1
Nathaniel Clyne,eng ENG,DF,Crystal Palace,31,1991,18.2,654,832,78.6,10205,3887,341,386,88.3,283,346,81.8,24,73,32.9,0,0.7,0.6,-0.7,7,51,6,5,52
Conor Coady,eng ENG,DF,Everton,29,1993,23.3,1025,1209,84.8,21731,8337,284,302,94.0,578,622,92.9,155,267,58.1,1,0.3,0.5,0.7,4,73,3,1,43
Jack Colback,eng ENG,MF,Nott'ham Forest,32,1989,5.5,119,143,83.2,1936,446,61,71,85.9,48,55,87.3,8,11,72.7,0,0.2,0.2,-0.2,2,12,3,1,16
Séamus Coleman,ie IRL,DF,Everton,33,1988,18.4,597,789,75.7,9624,3826,306,350,87.4,237,299,79.3,42,99,42.4,0,0.9,0.9,-0.9,4,35,18,7,61
Nathan Collins,ie IRL,DF,Wolves,21,2001,20.2,1001,1138,88.0,20045,6918,304,332,91.6,566,610,92.8,114,168,67.9,0,0.1,0.2,-0.1,2,68,2,0,64
Levi Colwill,eng ENG,DF,Brighton,19,2003,13.6,1027,1165,88.2,17912,7475,431,468,92.1,501,552,90.8,75,106,70.8,2,0.5,0.3,1.5,7,78,3,0,70
Lewis Cook,eng ENG,MF,Bournemouth,25,1997,19.1,593,751,79.0,9922,3136,291,330,88.2,238,274,86.9,48,93,51.6,2,2.5,2.3,-0.5,24,55,14,9,63
Steve Cook,eng ENG,DF,Nott'ham Forest,31,1991,10.6,369,459,80.4,7884,2511,80,99,80.8,234,261,89.7,51,91,56.0,0,0.6,0.6,-0.6,3,18,2,1,19
Liam Cooper,sct SCO,DF,Leeds United,30,1991,15.8,620,789,78.6,11491,4568,241,274,88.0,318,376,84.6,52,117,44.4,0,0.7,0.3,-0.7,5,49,1,1,47
Maxwel Cornet,ci CIV,FW,West Ham,25,1996,2.7,72,97,74.2,942,166,47,54,87.0,19,27,70.4,2,2,100.0,0,0.1,0.1,-0.1,1,3,1,1,5
Diego Costa,es ESP,FW,Wolves,33,1988,13.8,158,221,71.5,1870,312,93,118,78.8,45,56,80.4,2,5,40.0,0,0.7,0.7,-0.7,11,9,4,0,13
Vladimír Coufal,cz CZE,DF,West Ham,29,1992,23.7,730,1174,62.2,12756,6471,347,421,82.4,279,438,63.7,83,226,36.7,1,2.5,1.7,-1.5,26,68,19,14,82
Philippe Coutinho,br BRA,"MF,FW",Aston Villa,30,1992,8.8,288,384,75.0,4081,976,180,210,85.7,82,112,73.2,17,36,47.2,0,0.5,0.8,-0.5,8,30,8,2,48
Conor Coventry,ie IRL,"MF,FW",West Ham,22,2000,0.0,0,0,,0,0,0,0,,0,0,,0,0,,0,0.0,0.0,0.0,0,0,0,0,0
Matthew Craig,sct SCO,MF,Tottenham,19,2003,0.2,5,6,83.3,65,1,4,4,100.0,1,2,50.0,0,0,,0,0.0,0.0,0.0,0,0,0,0,0
Aaron Cresswell,eng ENG,DF,West Ham,32,1989,24.8,1127,1448,77.8,18285,8587,626,670,93.4,387,497,77.9,100,206,48.5,1,3.7,2.9,-2.7,40,91,28,15,145
Marc Cucurella,es ESP,DF,Chelsea,24,1998,18.6,1090,1293,84.3,16587,5116,600,647,92.7,396,453,87.4,59,110,53.6,2,0.6,0.9,1.4,11,77,12,6,73
Matheus Cunha,br BRA,FW,Wolves,23,1999,10.7,171,234,73.1,2140,353,105,132,79.5,38,53,71.7,9,17,52.9,0,0.6,0.2,-0.6,7,5,3,0,14
Patson Daka,zm ZAM,FW,Leicester City,23,1998,13.2,195,295,66.1,2605,439,118,157,75.2,55,85,64.7,8,12,66.7,4,2.8,1.7,1.2,17,7,8,1,17
Diogo Dalot,pt POR,DF,Manchester Utd,23,1999,23.9,1141,1441,79.2,20816,6349,468,527,88.8,543,639,85.0,113,205,55.1,2,1.9,1.5,0.1,29,82,28,13,92
Mikkel Damsgaard,dk DEN,"MF,FW",Brentford,22,2000,11.0,275,407,67.6,4023,1437,156,193,80.8,92,132,69.7,16,44,36.4,0,1.4,1.3,-1.4,11,36,10,1,44
Danilo,br BRA,MF,Nott'ham Forest,21,2001,10.8,148,235,63.0,2539,979,77,97,79.4,53,73,72.6,16,34,47.1,2,0.7,0.6,1.3,9,24,7,0,34
Arnaut Danjuma,nl NED,"FW,MF",Tottenham,25,1997,1.9,39,56,69.6,514,108,29,35,82.9,8,10,80.0,2,2,100.0,0,0.0,0.1,0.0,1,5,2,2,2
Josh Dasilva,eng ENG,MF,Brentford,23,1998,15.4,491,617,79.6,8103,1954,255,291,87.6,187,217,86.2,40,70,57.1,2,1.5,1.6,0.5,12,35,24,5,62
Ben Davies,wls WAL,DF,Tottenham,29,1993,25.4,1040,1281,81.2,17332,5962,500,559,89.4,445,514,86.6,69,136,50.7,2,2.5,1.5,-0.5,20,79,9,6,107
Tom Davies,eng ENG,MF,Everton,24,1998,6.0,173,234,73.9,2879,850,87,111,78.4,64,76,84.2,16,29,55.2,0,0.2,0.3,-0.2,2,25,2,0,30
Craig Dawson,eng ENG,DF,West Ham,32,1990,8.0,245,310,79.0,5404,2170,74,86,86.0,121,137,88.3,48,79,60.8,0,0.1,0.1,-0.1,1,25,0,0,18
Craig Dawson,eng ENG,DF,Wolves,32,1990,15.7,780,926,84.2,16202,5539,231,257,89.9,419,455,92.1,122,193,63.2,0,0.0,0.2,0.0,1,51,3,0,44
Kevin De Bruyne,be BEL,MF,Manchester City,31,1991,26.9,1192,1626,73.3,22165,6516,538,633,85.0,477,629,75.8,160,275,58.2,16,13.7,14.1,2.3,96,124,96,21,246
Siriki Dembélé,ci CIV,"FW,MF",Bournemouth,25,1996,1.2,37,47,78.7,543,223,22,29,75.9,10,13,76.9,2,2,100.0,0,0.3,0.2,-0.3,4,2,3,2,4
Leander Dendoncker,be BEL,MF,Aston Villa,27,1995,7.7,248,284,87.3,3948,809,119,128,93.0,111,121,91.7,11,18,61.1,0,0.5,0.1,-0.5,5,17,0,0,18
Leander Dendoncker,be BEL,MF,Wolves,27,1995,2.4,86,99,86.9,1466,282,45,50,90.0,32,32,100.0,8,8,100.0,0,0.0,0.0,0.0,2,4,1,1,6
Emmanuel Dennis,ng NGA,"FW,MF",Nott'ham Forest,24,1997,8.0,124,183,67.8,1860,382,72,93,77.4,40,58,69.0,8,11,72.7,2,0.6,0.4,1.4,7,7,4,2,17
Halil Dervişoğlu,tr TUR,MF,Brentford,22,1999,0.1,0,0,,0,0,0,0,,0,0,,0,0,,0,0.0,0.0,0.0,0,0,0,0,0
Kiernan Dewsbury-Hall,eng ENG,MF,Leicester City,23,1998,25.6,872,1154,75.6,14495,3746,448,526,85.2,311,389,79.9,84,161,52.2,2,3.3,2.6,-1.3,39,111,23,4,132
Ibrahima Diallo,fr FRA,MF,Southampton,23,1999,9.1,317,402,78.9,4768,1064,181,206,87.9,112,139,80.6,16,34,47.1,0,0.1,0.1,-0.1,4,24,2,0,28
Rúben Dias,pt POR,DF,Manchester City,25,1997,22.2,1928,2080,92.7,35553,12572,696,726,95.9,1074,1122,95.7,143,203,70.4,0,0.6,0.3,-0.6,3,135,0,0,98
Luis Díaz,co COL,FW,Liverpool,25,1997,11.1,376,462,81.4,5698,1124,215,256,84.0,127,150,84.7,25,27,92.6,2,1.5,1.3,0.5,13,25,13,1,49
Eric Dier,eng ENG,DF,Tottenham,28,1994,31.3,1708,2001,85.4,32594,12717,636,688,92.4,866,934,92.7,179,317,56.5,1,1.2,0.6,-0.2,7,76,8,3,87
Lucas Digne,fr FRA,DF,Aston Villa,29,1993,16.7,696,927,75.1,11016,4245,387,432,89.6,247,337,73.3,49,105,46.7,0,1.9,1.9,-1.9,18,40,23,14,57
Issa Diop,fr FRA,DF,Fulham,25,1997,22.4,1216,1399,86.9,23784,7827,386,427,90.4,710,761,93.3,112,189,59.3,0,0.4,0.5,-0.4,2,69,4,0,70
Moussa Djenepo,ml MLI,"DF,FW",Southampton,24,1998,7.9,179,244,73.4,2605,772,104,119,87.4,60,83,72.3,8,20,40.0,2,0.5,0.4,1.5,9,13,5,3,19
Ben Doak,sct SCO,FW,Liverpool,16,2005,0.3,10,14,71.4,86,17,9,10,90.0,0,1,0.0,0,1,0.0,0,0.0,0.0,0.0,0,0,0,0,1
Matt Doherty,ie IRL,"DF,MF",Tottenham,30,1992,7.4,329,408,80.6,4896,1222,190,204,93.1,107,137,78.1,18,35,51.4,0,0.3,0.3,-0.3,6,14,5,3,20
Gabriel Dos Santos,br BRA,DF,Arsenal,24,1997,37.9,2155,2411,89.4,38355,13522,870,922,94.4,1111,1180,94.2,150,246,61.0,0,0.3,0.6,-0.3,5,171,3,0,153
Abdoulaye Doucouré,ml MLI,MF,Everton,29,1993,17.0,430,548,78.5,5637,1333,262,317,82.6,140,170,82.4,7,13,53.8,2,2.2,1.4,-0.2,22,29,10,0,38
Cheick Doucouré,ml MLI,MF,Crystal Palace,22,2000,30.8,1038,1247,83.2,17432,5352,478,535,89.3,460,530,86.8,75,104,72.1,3,1.9,1.2,1.1,26,110,11,1,140
Flynn Downes,eng ENG,MF,West Ham,23,1999,8.5,289,331,87.3,4062,921,183,194,94.3,86,97,88.7,10,14,71.4,0,0.1,0.1,-0.1,2,25,1,0,22
Kami Doyle,eng ENG,MF,Southampton,16,2005,0.1,5,5,100.0,74,0,3,3,100.0,2,2,100.0,0,0,,0,0.0,0.0,0.0,0,0,0,0,0
Cody Drameh,eng ENG,DF,Leeds United,20,2001,0.8,30,38,78.9,457,153,17,21,81.0,11,12,91.7,2,5,40.0,0,0.0,0.0,0.0,0,2,0,0,2
Martin Dúbravka,sk SVK,GK,Newcastle Utd,33,1989,1.7,49,54,90.7,1046,696,21,21,100.0,19,19,100.0,8,13,61.5,0,0.0,0.0,0.0,0,1,0,0,0
Shane Duffy,ie IRL,"DF,FW",Fulham,30,1992,0.2,16,20,80.0,308,61,5,5,100.0,9,10,90.0,2,4,50.0,0,0.0,0.0,0.0,0,0,0,0,0
Lewis Dunk,eng ENG,DF,Brighton,30,1991,36.0,2911,3223,90.3,54839,19942,1066,1128,94.5,1525,1600,95.3,279,428,65.2,0,1.0,0.9,-1.0,9,178,9,1,158
Jhon Durán,co COL,"FW,MF",Aston Villa,18,2003,1.5,16,29,55.2,264,47,8,12,66.7,7,12,58.3,1,2,50.0,0,0.0,0.0,0.0,1,1,1,0,4
Malcolm Ebiowei,eng ENG,"MF,FW",Crystal Palace,18,2003,0.4,5,10,50.0,98,16,2,4,50.0,2,2,100.0,1,2,50.0,0,0.0,0.0,0.0,0,0,0,0,2
Ederson,br BRA,GK,Manchester City,28,1993,35.0,1079,1257,85.8,26248,17275,237,239,99.2,563,572,98.4,278,442,62.9,1,0.2,0.2,0.8,1,13,0,0,0
Odsonne Édouard,fr FRA,FW,Crystal Palace,24,1998,20.0,295,412,71.6,3307,535,212,266,79.7,54,86,62.8,5,10,50.0,2,1.2,0.8,0.8,17,9,9,0,32
Samuel Edozie,eng ENG,"FW,MF",Southampton,19,2003,6.3,111,164,67.7,1348,354,75,93,80.6,22,34,64.7,5,10,50.0,0,0.4,0.4,-0.4,8,6,6,1,13
Anthony Elanga,se SWE,FW,Manchester Utd,20,2002,4.7,95,130,73.1,1201,298,65,86,75.6,23,32,71.9,3,3,100.0,1,0.9,1.0,0.1,6,3,3,0,8
Harvey Elliott,eng ENG,"MF,FW",Liverpool,19,2003,17.9,809,1009,80.2,12346,3197,442,494,89.5,296,363,81.5,45,85,52.9,2,3.6,4.3,-1.6,26,68,41,6,142
Mohamed Elneny,eg EGY,MF,Arsenal,30,1992,1.3,57,60,95.0,1031,224,23,23,100.0,27,29,93.1,6,6,100.0,0,0.0,0.0,0.0,0,3,2,0,2
Mohamed Elyounoussi,no NOR,"MF,FW",Southampton,27,1994,24.1,426,633,67.3,5950,1637,272,348,78.2,108,167,64.7,28,56,50.0,1,2.1,1.7,-1.1,18,32,19,6,50
Emerson,br BRA,DF,Tottenham,23,1999,19.3,848,1060,80.0,13378,3797,437,482,90.7,330,392,84.2,53,93,57.0,1,0.6,1.0,0.4,9,58,17,3,80
Christian Eriksen,dk DEN,MF,Manchester Utd,30,1992,22.8,1203,1485,81.0,19681,6193,629,700,89.9,429,502,85.5,105,198,53.0,8,4.2,3.4,3.8,36,149,27,5,164
Pervis Estupiñán,ec ECU,DF,Brighton,24,1998,29.7,1576,1926,81.8,22843,7059,922,1017,90.7,545,661,82.5,60,110,54.5,5,5.4,4.1,-0.4,51,103,44,19,157
Jonny Evans,nir NIR,DF,Leicester City,34,1988,11.7,690,789,87.5,13684,5215,211,227,93.0,400,430,93.0,73,114,64.0,0,0.0,0.2,0.0,1,43,2,0,35
Eberechi Eze,eng ENG,"MF,FW",Crystal Palace,24,1998,29.3,923,1178,78.4,14106,3902,531,607,87.5,294,353,83.3,67,148,45.3,4,4.3,3.1,-0.3,57,88,35,2,131
Łukasz Fabiański,pl POL,GK,West Ham,37,1985,34.6,598,930,64.3,18882,15094,117,117,100.0,225,228,98.7,254,579,43.9,0,0.0,0.0,0.0,0,12,0,0,0
Fabinho,br BRA,MF,Liverpool,28,1993,29.7,1617,1832,88.3,26192,6163,817,882,92.6,627,680,92.2,125,180,69.4,2,2.1,1.9,-0.1,17,131,17,0,161
Wout Faes,be BEL,DF,Leicester City,24,1998,31.0,1581,1846,85.6,29211,10369,593,654,90.7,859,939,91.5,116,218,53.2,2,0.6,0.6,1.4,9,70,5,0,74
Felipe,br BRA,DF,Nott'ham Forest,33,1989,15.8,411,568,72.4,7998,3250,154,187,82.4,198,240,82.5,50,112,44.6,1,0.9,0.8,0.1,7,17,2,0,22
João Félix,pt POR,"FW,MF",Chelsea,22,1999,10.5,274,356,77.0,4034,1122,172,194,88.7,74,101,73.3,20,39,51.3,0,0.5,1.0,-0.5,7,29,17,1,47
Evan Ferguson,ie IRL,FW,Brighton,17,2004,10.6,180,225,80.0,2299,340,131,153,85.6,42,52,80.8,4,7,57.1,2,0.7,0.5,1.3,11,4,6,0,14
Bruno Fernandes,pt POR,"MF,FW",Manchester Utd,27,1994,36.8,1498,2029,73.8,25425,8933,767,897,85.5,495,633,78.2,181,330,54.8,8,16.7,10.7,-8.7,119,148,89,10,263
Enzo Fernández,ar ARG,MF,Chelsea,21,2001,17.2,1269,1440,88.1,24396,7284,504,549,91.8,546,604,90.4,193,240,80.4,2,2.4,2.7,-0.4,20,164,25,0,168
Roberto Firmino,br BRA,"FW,MF",Liverpool,30,1991,13.5,444,566,78.4,5932,1908,277,324,85.5,123,155,79.4,18,26,69.2,4,2.5,2.2,1.5,21,47,19,1,78
Junior Firpo,es ESP,DF,Leeds United,25,1996,15.2,454,621,73.1,7182,3286,230,278,82.7,199,253,78.7,20,55,36.4,1,0.8,0.7,0.2,8,38,9,4,54
Phil Foden,eng ENG,FW,Manchester City,22,2000,20.5,904,1111,81.4,13670,2403,527,577,91.3,287,343,83.7,55,103,53.4,6,4.7,4.8,1.3,43,38,37,9,88
Datro Fofana,ci CIV,FW,Chelsea,19,2002,0.8,7,9,77.8,122,82,4,5,80.0,2,2,100.0,1,1,100.0,0,0.1,0.1,-0.1,3,0,2,0,2
Wesley Fofana,fr FRA,DF,Leicester City,21,2000,2.0,117,140,83.6,1995,559,44,44,100.0,64,74,86.5,6,13,46.2,0,0.0,0.0,0.0,0,16,0,0,6
Wesley Fofana,fr FRA,DF,Chelsea,21,2000,13.1,779,872,89.3,12893,3325,346,367,94.3,394,430,91.6,27,53,50.9,0,0.1,0.3,-0.1,2,50,2,0,43
Pablo Fornals,es ESP,"FW,MF",West Ham,26,1996,16.7,557,772,72.2,9313,2676,261,300,87.0,208,277,75.1,61,125,48.8,1,1.7,2.0,-0.7,20,60,12,4,89
Adam Forshaw,eng ENG,MF,Leeds United,30,1991,5.3,196,244,80.3,3318,1127,102,111,91.9,59,67,88.1,28,51,54.9,0,0.9,0.6,-0.9,8,30,4,2,33
Fraser Forster,eng ENG,GK,Tottenham,34,1988,13.5,266,363,73.3,6319,4013,79,79,100.0,125,127,98.4,61,154,39.6,0,0.0,0.0,0.0,0,2,0,0,0
Tyrese Francois,au AUS,FW,Fulham,22,2000,0.0,2,2,100.0,12,2,1,1,100.0,0,0,,0,0,,0,0.0,0.0,0.0,0,1,0,0,0
Ryan Fraser,sct SCO,FW,Newcastle Utd,28,1994,3.5,85,122,69.7,1228,289,50,59,84.7,28,41,68.3,3,8,37.5,0,0.4,0.3,-0.4,5,4,4,1,9
Fred,br BRA,MF,Manchester Utd,29,1993,13.9,618,781,79.1,9392,2767,344,398,86.4,197,234,84.2,48,77,62.3,2,2.9,1.8,-0.9,30,65,11,2,76
Ryan Fredericks,eng ENG,DF,Bournemouth,29,1992,5.9,149,220,67.7,2139,735,85,96,88.5,55,88,62.5,4,15,26.7,0,0.1,0.3,-0.1,1,5,6,1,15
Remo Freuler,ch SUI,MF,Nott'ham Forest,30,1992,24.0,664,836,79.4,9828,3216,371,429,86.5,238,285,83.5,30,66,45.5,0,0.8,0.7,-0.8,12,47,6,3,54
Cody Gakpo,nl NED,"FW,MF",Liverpool,23,1999,16.2,293,392,74.7,3928,1110,168,208,80.8,91,119,76.5,11,20,55.0,2,2.7,1.9,-0.7,23,33,11,1,50
Conor Gallagher,eng ENG,MF,Chelsea,22,2000,18.0,706,871,81.1,10444,2483,399,447,89.3,243,290,83.8,32,58,55.2,1,2.3,1.7,-1.3,21,67,20,5,105
Idrissa Gana Gueye,sn SEN,MF,Everton,32,1989,28.6,1025,1226,83.6,16238,4278,525,583,90.1,419,476,88.0,57,105,54.3,1,1.1,0.8,-0.1,12,111,5,0,98
Alejandro Garnacho,ar ARG,"FW,MF",Manchester Utd,18,2004,6.3,150,187,80.2,1802,233,113,131,86.3,27,30,90.0,4,5,80.0,2,1.0,0.9,1.0,3,2,2,0,12
James Garner,eng ENG,"MF,DF",Everton,21,2001,8.9,256,353,72.5,4066,1400,131,152,86.2,99,124,79.8,16,50,32.0,1,0.5,0.5,0.5,7,22,6,2,33
David de Gea,es ESP,GK,Manchester Utd,31,1990,38.0,866,1218,71.1,22585,16134,199,199,100.0,402,410,98.0,260,596,43.6,0,0.1,0.2,-0.1,1,7,1,0,0
Joe Gelhardt,eng ENG,FW,Leeds United,20,2002,2.4,43,67,64.2,518,118,23,30,76.7,11,17,64.7,2,2,100.0,2,0.5,0.4,1.5,2,3,1,0,6
Saman Ghoddos,ir IRN,"MF,FW",Brentford,28,1993,1.5,59,79,74.7,953,286,32,36,88.9,21,25,84.0,6,17,35.3,0,0.4,0.3,-0.4,4,5,1,0,8
Morgan Gibbs-White,eng ENG,"FW,MF",Wolves,22,2000,2.0,75,95,78.9,1122,345,47,58,81.0,17,21,81.0,7,9,77.8,0,0.1,0.2,-0.1,1,10,1,0,12
Morgan Gibbs-White,eng ENG,"MF,FW",Nott'ham Forest,22,2000,33.0,659,1078,61.1,10717,3931,351,466,75.3,195,279,69.9,84,229,36.7,8,8.2,6.2,-0.2,66,70,40,5,131
Bryan Gil,es ESP,"MF,FW",Tottenham,21,2001,1.6,47,60,78.3,638,92,26,32,81.3,14,16,87.5,2,4,50.0,1,0.2,0.1,0.8,2,3,2,0,5
Billy Gilmour,sct SCO,MF,Brighton,21,2001,5.6,364,408,89.2,5781,1399,188,205,91.7,144,152,94.7,26,37,70.3,1,0.2,0.8,0.8,2,30,6,0,35
Degnand Gnonto,it ITA,"FW,MF",Leeds United,18,2003,15.0,370,512,72.3,4823,1234,230,270,85.2,104,137,75.9,12,24,50.0,4,2.2,2.2,1.8,22,12,19,5,35
Ben Godfrey,eng ENG,DF,Everton,24,1998,8.9,182,281,64.8,3067,1252,90,111,81.1,73,111,65.8,16,41,39.0,1,0.2,0.1,0.8,3,24,1,1,19
João Gomes,br BRA,MF,Wolves,21,2001,7.3,250,322,77.6,3832,878,138,159,86.8,91,121,75.2,14,24,58.3,0,0.2,0.1,-0.2,5,18,0,0,19
Toti Gomes,pt POR,DF,Wolves,23,1999,10.9,460,555,82.9,7615,2848,221,256,86.3,202,229,88.2,28,53,52.8,0,0.3,0.3,-0.3,4,27,8,4,27
Joe Gomez,eng ENG,DF,Liverpool,25,1997,16.3,1166,1361,85.7,23380,7637,336,379,88.7,686,745,92.1,127,197,64.5,0,0.2,0.7,-0.2,1,121,4,0,108
Sergio Gómez,es ESP,"DF,MF",Manchester City,21,2000,3.9,279,317,88.0,4074,977,154,165,93.3,105,114,92.1,11,17,64.7,1,1.2,1.1,-0.2,5,24,3,0,18
Anthony Gordon,eng ENG,"FW,MF",Newcastle Utd,21,2001,5.4,162,198,81.8,2222,547,105,115,91.3,44,54,81.5,7,12,58.3,0,0.9,0.9,-0.9,6,11,5,0,15
Anthony Gordon,eng ENG,FW,Everton,21,2001,12.2,193,280,68.9,2905,625,110,135,81.5,66,89,74.2,11,27,40.7,0,0.6,0.5,-0.6,8,8,11,2,19
Demarai Gray,jm JAM,"FW,MF",Everton,26,1996,27.9,579,838,69.1,9843,2215,289,328,88.1,191,252,75.8,72,179,40.2,1,3.8,3.8,-2.8,37,30,18,7,46
Jack Grealish,eng ENG,FW,Manchester City,26,1995,22.8,902,1072,84.1,13270,2584,539,588,91.7,295,337,87.5,41,66,62.1,7,7.0,6.7,0.0,50,28,48,2,100
Sam Greenwood,eng ENG,"MF,FW",Leeds United,20,2002,4.7,107,186,57.5,1951,888,55,64,85.9,28,58,48.3,21,57,36.8,2,1.1,1.1,0.9,13,14,1,0,15
Pascal Groß,de GER,"MF,DF",Brighton,31,1991,36.0,1879,2347,80.1,30182,8776,988,1079,91.6,681,809,84.2,147,316,46.5,8,10.9,8.8,-2.9,80,157,69,13,255
Vicente Guaita,es ESP,GK,Crystal Palace,35,1987,27.0,610,845,72.2,15748,10443,159,161,98.8,258,263,98.1,182,405,44.9,0,0.0,0.0,0.0,0,3,0,0,1
Gonçalo Guedes,pt POR,"FW,MF",Wolves,25,1996,7.9,138,201,68.7,2297,526,82,97,84.5,40,56,71.4,13,26,50.0,1,0.5,0.5,0.5,9,11,8,2,16
Marc Guéhi,eng ENG,DF,Crystal Palace,22,2000,37.0,1883,2208,85.3,38404,14329,584,642,91.0,1074,1152,93.2,216,384,56.3,0,0.5,0.8,-0.5,10,148,5,0,106
Bruno Guimarães,br BRA,MF,Newcastle Utd,24,1997,30.3,1387,1668,83.2,24038,6632,659,741,88.9,539,614,87.8,149,216,69.0,5,4.0,3.9,1.0,42,147,54,2,222
İlkay Gündoğan,de GER,MF,Manchester City,31,1990,26.1,1374,1578,87.1,21396,4941,746,819,91.1,492,543,90.6,99,130,76.2,4,3.3,4.4,0.7,37,143,35,1,170
Darko Gyabi,eng ENG,FW,Leeds United,18,2004,0.1,4,4,100.0,72,17,1,1,100.0,3,3,100.0,0,0,,0,0.0,0.0,0.0,0,0,0,0,2
Erling Haaland,no NOR,FW,Manchester City,22,2000,30.8,360,500,72.0,4403,947,218,276,79.0,100,132,75.8,7,9,77.8,8,5.3,3.1,2.7,29,14,23,0,58
Lewis Hall,eng ENG,DF,Chelsea,17,2004,7.3,344,428,80.4,5947,1764,183,203,90.1,121,150,80.7,38,58,65.5,0,2.3,1.4,-2.3,15,25,9,4,25
Luke Harris,wls WAL,"MF,FW",Fulham,17,2005,0.1,13,14,92.9,172,25,9,9,100.0,4,5,80.0,0,0,,0,0.0,0.0,0.0,0,1,0,0,1
Jack Harrison,eng ENG,"FW,MF",Leeds United,25,1996,30.1,732,1150,63.7,10776,4115,443,544,81.4,189,316,59.8,60,165,36.4,7,5.1,5.1,1.9,53,57,51,21,103
Kai Havertz,de GER,"FW,MF",Chelsea,23,1999,28.5,727,894,81.3,9347,1882,458,540,84.8,195,221,88.2,23,32,71.9,1,3.7,2.8,-2.7,38,49,26,2,89
Jan Paul van Hecke,nl NED,DF,Brighton,22,2000,3.3,232,248,93.5,4285,1480,72,76,94.7,144,148,97.3,12,15,80.0,0,0.0,0.0,0.0,0,22,0,0,21
Hwang Hee-chan,kr KOR,"FW,MF",Wolves,26,1996,12.6,214,280,76.4,3139,653,122,147,83.0,73,88,83.0,10,16,62.5,1,1.1,0.6,-0.1,10,9,10,1,30
Dean Henderson,eng ENG,GK,Nott'ham Forest,25,1997,18.0,425,671,63.3,12543,8838,80,80,100.0,186,188,98.9,159,400,39.8,0,0.0,0.0,0.0,0,11,1,0,0
Jordan Henderson,eng ENG,MF,Liverpool,32,1990,23.0,1341,1615,83.0,22431,5954,666,734,90.7,513,594,86.4,122,193,63.2,2,3.2,3.6,-1.2,31,158,47,12,189
Wayne Hennessey,wls WAL,GK,Nott'ham Forest,35,1987,3.0,61,99,61.6,2134,1661,5,5,100.0,29,29,100.0,27,63,42.9,0,0.0,0.0,0.0,0,3,0,0,0
Rico Henry,eng ENG,DF,Brentford,25,1997,36.0,876,1203,72.8,14087,4856,469,544,86.2,314,418,75.1,72,169,42.6,2,2.7,2.9,-0.7,23,73,41,18,107
Son Heung-min,kr KOR,"MF,FW",Tottenham,30,1992,32.1,680,909,74.8,9315,2506,410,477,86.0,191,249,76.7,36,90,40.0,6,6.5,4.5,-0.5,61,32,32,6,79
Aaron Hickey,sct SCO,DF,Brentford,20,2002,21.3,695,838,82.9,10995,3282,373,411,90.8,265,310,85.5,46,80,57.5,1,0.4,0.6,0.6,6,62,13,4,81
Jack Hinshelwood,eng ENG,FW,Brighton,17,2005,0.0,1,3,33.3,13,0,1,2,50.0,0,0,,0,0,,0,0.0,0.0,0.0,0,0,0,0,0
Joseph Hodge,ie IRL,MF,Wolves,19,2002,1.9,80,100,80.0,1236,389,47,51,92.2,24,27,88.9,5,8,62.5,0,0.1,0.0,-0.1,1,9,1,0,8
Rob Holding,eng ENG,DF,Arsenal,26,1995,6.3,382,442,86.4,7494,2701,141,152,92.8,191,207,92.3,46,69,66.7,0,0.0,0.1,0.0,0,23,1,0,24
Mason Holgate,eng ENG,DF,Everton,25,1996,5.6,143,217,65.9,2843,831,51,63,81.0,69,87,79.3,21,58,36.2,0,0.4,0.2,-0.4,6,12,3,1,14
Will Hughes,eng ENG,MF,Crystal Palace,27,1995,9.4,296,373,79.4,4161,1158,176,201,87.6,98,121,81.0,12,25,48.0,1,0.9,0.7,0.1,6,29,6,0,32
Omari Hutchinson,eng ENG,FW,Chelsea,18,2003,0.3,8,12,66.7,109,4,6,7,85.7,1,1,100.0,1,2,50.0,0,0.0,0.0,0.0,0,0,0,0,0
Pierre Højbjerg,dk DEN,MF,Tottenham,26,1995,34.8,2021,2292,88.2,36323,9705,897,970,92.5,814,895,90.9,242,314,77.1,5,3.1,3.2,1.9,30,207,35,5,235
Kelechi Iheanacho,ng NGA,"FW,MF",Leicester City,25,1996,12.5,236,316,74.7,3049,602,156,189,82.5,54,67,80.6,11,22,50.0,5,4.0,1.8,1.0,22,21,8,0,27
Danny Ings,eng ENG,FW,West Ham,30,1992,8.6,92,148,62.2,1111,302,62,89,69.7,15,23,65.2,5,13,38.5,2,1.0,0.9,1.0,6,11,2,0,12
Danny Ings,eng ENG,FW,Aston Villa,30,1992,9.2,114,162,70.4,1371,289,76,97,78.4,27,34,79.4,3,12,25.0,0,1.2,0.6,-1.2,9,7,4,0,12
Alexander Isak,se SWE,FW,Newcastle Utd,22,1999,16.9,279,368,75.8,4292,977,151,192,78.6,87,106,82.1,25,28,89.3,1,2.2,1.4,-1.2,16,29,15,0,48
Daniel Iversen,dk DEN,GK,Leicester City,25,1997,12.0,212,377,56.2,5408,3761,65,65,100.0,93,95,97.9,53,213,24.9,0,0.0,0.0,0.0,0,6,0,0,0
Alex Iwobi,ng NGA,"MF,FW",Everton,26,1996,37.5,1154,1536,75.1,20102,6570,547,648,84.4,435,555,78.4,132,220,60.0,7,6.1,4.3,0.9,64,134,63,17,194
Daniel James,wls WAL,FW,Leeds United,24,1997,2.2,24,40,60.0,256,66,18,22,81.8,5,10,50.0,0,3,0.0,0,0.3,0.3,-0.3,1,1,3,1,3
Daniel James,wls WAL,FW,Fulham,24,1997,6.9,120,186,64.5,1575,315,80,97,82.5,27,44,61.4,4,13,30.8,1,0.7,0.5,0.3,7,2,8,3,15
Reece James,eng ENG,"DF,MF",Chelsea,22,1999,13.8,891,1051,84.8,14345,4119,468,499,93.8,337,395,85.3,67,109,61.5,1,3.0,2.9,-2.0,21,60,24,6,90
Vitaly Janelt,de GER,"MF,DF",Brentford,24,1998,24.5,812,1020,79.6,14153,3892,411,466,88.2,298,360,82.8,90,139,64.7,1,1.4,1.5,-0.4,16,75,19,8,82
Pontus Jansson,se SWE,DF,Brentford,31,1991,8.0,257,321,80.1,5004,1738,81,98,82.7,147,167,88.0,28,45,62.2,0,0.0,0.1,0.0,0,11,0,0,14
Mathias Jensen,dk DEN,MF,Brentford,26,1996,31.1,1088,1566,69.5,21665,8457,471,559,84.3,398,555,71.7,191,372,51.3,6,5.0,4.7,1.0,48,117,38,16,141
Gabriel Jesus,br BRA,FW,Arsenal,25,1997,22.9,561,699,80.3,8525,1644,297,349,85.1,206,234,88.0,28,45,62.2,6,3.9,2.9,2.1,31,31,22,2,64
Raúl Jiménez,mx MEX,FW,Wolves,31,1991,9.4,140,198,70.7,1933,349,86,109,78.9,35,50,70.0,10,18,55.6,1,1.7,0.6,-0.7,8,8,7,1,14
Joelinton,br BRA,"MF,FW",Newcastle Utd,25,1996,29.6,1035,1268,81.6,15180,4014,581,668,87.0,338,390,86.7,59,75,78.7,1,2.4,1.9,-1.4,26,78,21,3,130
Ben Johnson,eng ENG,DF,West Ham,22,2000,9.6,395,535,73.8,6958,2496,177,202,87.6,175,217,80.6,35,85,41.2,0,0.2,0.4,-0.2,3,27,10,5,37
Brennan Johnson,wls WAL,"FW,MF",Nott'ham Forest,21,2001,32.6,291,505,57.6,4220,809,155,223,69.5,103,177,58.2,15,34,44.1,3,3.2,1.9,-0.2,28,12,18,6,30
Sam Johnstone,eng ENG,GK,Crystal Palace,29,1993,9.0,207,280,73.9,5239,3382,41,41,100.0,117,118,99.2,49,120,40.8,0,0.0,0.0,0.0,0,3,0,0,0
Curtis Jones,eng ENG,MF,Liverpool,21,2001,11.5,611,677,90.3,9160,1895,334,355,94.1,233,250,93.2,25,32,78.1,1,1.1,1.4,-0.1,14,53,14,1,69
Jorginho,it ITA,MF,Arsenal,30,1991,9.5,641,736,87.1,10809,3031,279,311,89.7,305,334,91.3,41,61,67.2,1,0.2,0.6,0.8,5,84,12,0,99
Jorginho,it ITA,MF,Chelsea,30,1991,14.2,749,884,84.7,11991,3508,379,421,90.0,301,348,86.5,51,74,68.9,0,0.4,0.4,-0.4,7,87,9,0,80
Mateo Joseph,eng ENG,"FW,MF",Leeds United,18,2003,0.3,2,3,66.7,13,0,1,2,50.0,0,0,,0,0,,0,0.0,0.0,0.0,0,0,0,0,0
Diogo Jota,pt POR,FW,Liverpool,25,1996,12.6,286,381,75.1,3868,886,172,216,79.6,87,109,79.8,10,20,50.0,4,2.1,1.7,1.9,17,28,8,2,30
Hamed Junior Traorè,ci CIV,"FW,MF",Bournemouth,22,2000,4.7,109,178,61.2,1850,775,55,72,76.4,35,56,62.5,13,33,39.4,0,1.1,1.1,-1.1,14,11,10,3,26
James Justin,eng ENG,DF,Leicester City,24,1998,13.9,667,819,81.4,10404,3063,371,408,90.9,239,282,84.8,39,81,48.1,0,0.3,0.5,-0.3,7,48,12,7,47
Mathias Jørgensen,dk DEN,DF,Brentford,32,1990,12.3,404,503,80.3,6929,3051,181,203,89.2,197,240,82.1,20,49,40.8,0,0.2,0.2,-0.2,3,30,0,0,35
Sasa Kalajdzic,at AUT,FW,Wolves,25,1997,0.5,2,4,50.0,26,0,1,2,50.0,1,1,100.0,0,0,,0,0.0,0.0,0.0,0,0,0,0,0
Boubacar Kamara,fr FRA,MF,Aston Villa,22,1999,19.7,798,941,84.8,13161,3895,395,441,89.6,303,334,90.7,67,95,70.5,1,0.8,0.7,0.2,7,61,6,0,84
Harry Kane,eng ENG,FW,Tottenham,29,1993,37.8,642,921,69.7,12295,4345,286,368,77.7,236,302,78.1,103,164,62.8,3,7.0,4.0,-4.0,57,100,47,6,180
N'Golo Kanté,fr FRA,MF,Chelsea,31,1991,5.8,271,338,80.2,3935,1033,168,190,88.4,84,100,84.0,12,24,50.0,1,1.9,0.8,-0.9,13,23,11,3,34
Michael Keane,eng ENG,DF,Everton,29,1993,10.9,305,441,69.2,5849,2983,115,146,78.8,147,179,82.1,39,93,41.9,2,0.7,0.8,1.3,3,33,2,0,31
Neeskens Kebano,cd COD,FW,Fulham,30,1992,8.5,155,212,73.1,2079,517,93,106,87.7,43,58,74.1,6,13,46.2,3,1.5,0.9,1.5,13,2,9,3,24
Thilo Kehrer,de GER,DF,West Ham,25,1996,24.8,927,1112,83.4,16374,6006,393,447,87.9,456,510,89.4,68,119,57.1,2,0.6,0.8,1.4,8,59,4,1,60
Naby Keïta,gn GUI,MF,Liverpool,27,1995,3.3,129,168,76.8,1820,590,75,87,86.2,43,54,79.6,6,8,75.0,0,0.7,0.2,-0.7,8,15,2,0,15
Caoimhín Kelleher,ie IRL,GK,Liverpool,23,1998,1.0,23,24,95.8,539,344,7,7,100.0,12,12,100.0,4,5,80.0,0,0.0,0.0,0.0,0,1,0,0,0
Lloyd Kelly,eng ENG,DF,Bournemouth,23,1998,22.7,934,1164,80.2,17585,7174,352,387,91.0,461,510,90.4,104,227,45.8,2,0.5,0.8,1.5,7,73,9,3,47
Max Kilman,eng ENG,DF,Wolves,25,1997,36.7,1748,2107,83.0,34713,12450,574,621,92.4,964,1046,92.2,189,384,49.2,0,0.2,0.6,-0.2,4,133,7,2,127
Jakub Kiwior,pl POL,DF,Arsenal,22,2000,4.7,177,205,86.3,3030,924,62,70,88.6,104,109,95.4,7,15,46.7,0,0.0,0.0,0.0,1,6,0,0,6
Mateusz Klich,pl POL,"MF,FW",Leeds United,32,1990,3.1,108,148,73.0,1411,387,61,69,88.4,28,34,82.4,5,17,29.4,0,0.2,0.2,-0.2,5,6,5,0,16
Robin Koch,de GER,DF,Leeds United,26,1996,35.3,1229,1594,77.1,23945,10673,409,485,84.3,665,772,86.1,141,285,49.5,0,0.4,0.5,-0.4,6,121,7,0,114
Ibrahima Konaté,fr FRA,DF,Liverpool,23,1999,17.2,988,1135,87.0,17712,6925,374,413,90.6,539,588,91.7,59,109,54.1,0,0.1,0.8,-0.1,1,56,2,0,56
Ezri Konsa,eng ENG,DF,Aston Villa,24,1997,36.9,1681,1898,88.6,30731,10578,608,663,91.7,938,997,94.1,120,202,59.4,0,1.3,0.7,-1.3,8,70,4,2,56
Kalidou Koulibaly,sn SEN,DF,Chelsea,31,1991,20.0,1275,1471,86.7,22422,9023,564,598,94.3,595,653,91.1,96,175,54.9,1,0.4,0.4,0.6,7,83,9,1,81
Cheikhou Kouyaté,sn SEN,MF,Nott'ham Forest,32,1989,9.8,185,246,75.2,2908,882,90,120,75.0,62,74,83.8,18,25,72.0,0,0.7,0.3,-0.7,7,13,2,0,19
Mateo Kovačić,hr CRO,MF,Chelsea,28,1994,19.0,1130,1319,85.7,18537,5579,555,614,90.4,470,522,90.0,76,120,63.3,2,2.1,2.1,-0.1,23,158,23,1,153
Emil Krafth,se SWE,DF,Newcastle Utd,27,1994,0.0,0,0,,0,0,0,0,,0,0,,0,0,,0,0.0,0.0,0.0,0,0,0,0,0
Dejan Kulusevski,se SWE,"MF,FW",Tottenham,22,2000,23.0,582,746,78.0,8120,2005,355,410,86.6,179,226,79.2,25,51,49.0,7,4.7,4.8,2.3,47,14,38,11,67
Layvin Kurzawa,fr FRA,DF,Fulham,29,1992,1.5,28,41,68.3,408,135,12,13,92.3,14,19,73.7,0,3,0.0,0,0.0,0.0,0.0,0,1,1,1,2
Adam Lallana,eng ENG,"MF,FW",Brighton,34,1988,8.0,262,317,82.6,3033,656,173,194,89.2,57,74,77.0,6,9,66.7,1,1.0,1.2,0.0,14,23,9,1,33
Tariq Lamptey,gh GHA,DF,Brighton,21,2000,5.0,239,302,79.1,3509,854,130,149,87.2,96,116,82.8,5,21,23.8,0,0.2,0.7,-0.2,4,14,8,5,26
Manuel Lanzini,ar ARG,"MF,FW",West Ham,29,1993,2.8,146,175,83.4,2221,522,82,94,87.2,48,53,90.6,11,17,64.7,0,0.2,0.3,-0.2,1,13,3,0,19
Aymeric Laporte,es ESP,DF,Manchester City,28,1994,11.0,892,964,92.5,14630,4347,441,463,95.2,387,405,95.6,52,74,70.3,0,0.2,0.4,-0.2,5,87,7,0,85
Juan Larios,es ESP,DF,Southampton,18,2004,1.7,63,82,76.8,881,326,40,46,87.0,21,27,77.8,2,4,50.0,0,0.0,0.0,0.0,0,5,0,0,4
Jamaal Lascelles,eng ENG,DF,Newcastle Utd,28,1993,2.4,79,93,84.9,1445,580,29,34,85.3,40,44,90.9,7,11,63.6,0,0.0,0.0,0.0,0,4,0,0,3
Roméo Lavia,be BEL,MF,Southampton,18,2004,24.7,859,997,86.2,14815,3986,386,425,90.8,389,426,91.3,68,93,73.1,0,0.6,0.6,-0.6,16,101,9,0,102
Dexter Lembikisa,jm JAM,DF,Wolves,18,2003,0.3,10,13,76.9,180,73,5,5,100.0,5,5,100.0,0,0,,0,0.0,0.0,0.0,0,2,0,0,3
Mario Lemina,ga GAB,MF,Wolves,28,1993,14.4,566,651,86.9,10051,2917,241,269,89.6,267,289,92.4,51,72,70.8,1,0.3,0.5,0.7,3,31,5,1,42
Clément Lenglet,fr FRA,DF,Tottenham,27,1995,22.4,1270,1465,86.7,23668,8588,484,501,96.6,637,701,90.9,129,219,58.9,2,0.6,0.8,1.4,6,80,11,5,85
Bernd Leno,de GER,GK,Fulham,30,1992,36.0,1110,1397,79.5,26975,16383,234,235,99.6,651,655,99.4,223,503,44.3,0,0.0,0.0,0.0,1,11,0,0,0
Jefferson Lerma,co COL,MF,Bournemouth,27,1994,36.1,1317,1611,81.8,20458,7229,695,793,87.6,502,581,86.4,77,146,52.7,0,2.3,3.1,-2.3,18,126,23,2,142
Jamal Lewis,nir NIR,"DF,FW",Newcastle Utd,24,1998,0.1,12,14,85.7,192,71,3,3,100.0,8,9,88.9,0,0,,0,0.0,0.0,0.0,0,0,0,0,1
Rico Lewis,eng ENG,"DF,MF",Manchester City,17,2004,10.0,617,675,91.4,8779,1476,378,400,94.5,203,219,92.7,19,23,82.6,0,1.5,1.6,-1.5,12,38,10,3,48
Keane Lewis-Potter,eng ENG,"FW,MF",Brentford,21,2001,3.6,49,86,57.0,600,118,33,50,66.0,12,17,70.6,1,10,10.0,1,1.2,0.3,-0.2,5,2,3,1,6
Victor Lindelöf,se SWE,DF,Manchester Utd,28,1994,15.2,866,930,93.1,15313,4622,318,336,94.6,479,495,96.8,54,76,71.1,0,0.1,0.4,-0.1,3,35,2,0,36
Jesse Lingard,eng ENG,"FW,MF",Nott'ham Forest,29,1992,10.3,236,297,79.5,3558,897,121,137,88.3,88,104,84.6,14,28,50.0,0,0.7,0.5,-0.7,11,27,7,1,33
Valentino Livramento,eng ENG,"DF,FW",Southampton,19,2002,0.3,21,26,80.8,302,93,10,13,76.9,11,11,100.0,0,1,0.0,0,0.0,0.0,0.0,0,1,0,0,0
Diego Llorente,es ESP,DF,Leeds United,28,1993,7.2,356,429,83.0,6969,2284,118,130,90.8,203,228,89.0,33,59,55.9,0,0.0,0.0,0.0,0,17,0,0,27
Hugo Lloris,fr FRA,GK,Tottenham,35,1986,24.5,561,728,77.1,13442,8398,174,177,98.3,241,242,99.6,146,305,47.9,0,0.0,0.0,0.0,0,13,0,0,0
Renan Lodi,br BRA,DF,Nott'ham Forest,24,1998,24.6,583,877,66.5,10215,3529,272,323,84.2,242,339,71.4,57,162,35.2,1,1.2,1.3,-0.2,13,25,14,8,31
Ruben Loftus-Cheek,eng ENG,"MF,DF",Chelsea,26,1996,17.1,782,907,86.2,11417,2878,475,530,89.6,263,291,90.4,29,37,78.4,1,1.5,1.8,-0.5,16,78,18,1,90
Sean Longstaff,eng ENG,MF,Newcastle Utd,24,1997,28.0,943,1163,81.1,15457,4299,470,538,87.4,362,415,87.2,78,129,60.5,4,3.3,2.6,0.7,23,80,21,5,116
Jamal Lowe,jm JAM,"MF,FW",Bournemouth,28,1994,0.1,2,4,50.0,18,3,1,1,100.0,0,0,,0,1,0.0,0,0.0,0.0,0.0,0,0,1,0,1
Douglas Luiz,br BRA,MF,Aston Villa,24,1998,32.5,1494,1812,82.5,26492,6527,613,680,90.1,665,768,86.6,158,277,57.0,6,4.4,2.9,1.6,45,123,19,4,148
Saša Lukić,rs SRB,MF,Fulham,25,1996,4.6,192,218,88.1,3180,681,86,97,88.7,91,99,91.9,12,16,75.0,0,0.0,0.1,0.0,0,20,2,1,13
Lyanco,br BRA,DF,Southampton,25,1997,13.1,400,558,71.7,7719,2787,137,163,84.0,208,263,79.1,44,110,40.0,1,0.5,0.1,0.5,4,31,3,1,35
Alexis Mac Allister,ar ARG,MF,Brighton,23,1998,32.1,1586,1844,86.0,24936,6259,847,930,91.1,591,653,90.5,101,148,68.2,2,4.3,4.4,-2.3,47,151,33,1,174
James Maddison,eng ENG,"MF,FW",Leicester City,25,1996,27.6,844,1150,73.4,14244,4356,417,481,86.7,300,395,75.9,93,186,50.0,9,9.3,5.7,-0.3,69,117,27,4,151
Noni Madueke,eng ENG,FW,Chelsea,20,2002,7.1,223,286,78.0,2972,771,137,162,84.6,66,86,76.7,8,12,66.7,0,0.5,0.7,-0.5,13,11,13,0,36
Harry Maguire,eng ENG,DF,Manchester Utd,29,1993,8.5,491,577,85.1,9892,3056,147,165,89.1,276,304,90.8,58,93,62.4,0,0.0,0.1,0.0,1,31,0,0,26
Riyad Mahrez,dz ALG,"FW,MF",Manchester City,31,1991,21.3,958,1166,82.2,15746,2752,506,567,89.2,355,416,85.3,82,141,58.2,10,7.0,5.3,3.0,52,36,37,7,76
Kobbie Mainoo,eng ENG,MF,Manchester Utd,17,2005,0.1,7,8,87.5,83,31,5,6,83.3,2,2,100.0,0,0,,0,0.0,0.1,0.0,0,1,1,0,1
Ainsley Maitland-Niles,eng ENG,"DF,MF",Southampton,24,1997,15.6,565,713,79.2,9322,3245,288,331,87.0,214,258,82.9,50,84,59.5,0,0.7,0.7,-0.7,10,52,12,5,57
Tyrell Malacia,nl NED,DF,Manchester Utd,22,1999,15.5,694,802,86.5,10156,2981,429,463,92.7,205,232,88.4,35,60,58.3,0,0.7,0.7,-0.7,9,36,8,0,44
Orel Mangala,be BEL,MF,Nott'ham Forest,24,1998,17.2,411,514,80.0,6178,1807,223,256,87.1,153,183,83.6,22,42,52.4,1,0.4,0.5,0.6,3,35,3,0,43
Javier Manquillo,es ESP,DF,Newcastle Utd,28,1994,0.4,24,29,82.8,400,114,13,14,92.9,9,12,75.0,2,2,100.0,0,0.0,0.0,0.0,0,1,0,0,4
Sekou Mara,fr FRA,"FW,MF",Southampton,20,2002,6.2,68,107,63.6,876,162,44,59,74.6,14,18,77.8,4,7,57.1,2,0.8,0.3,1.2,6,6,2,0,7
Solly March,eng ENG,"FW,DF",Brighton,28,1994,30.2,951,1312,72.5,17051,4026,443,526,84.2,367,481,76.3,113,208,54.3,7,8.4,6.3,-1.4,67,63,52,15,135
Emiliano Marcondes,dk DEN,MF,Bournemouth,27,1995,0.1,1,1,100.0,56,37,0,0,,0,0,,1,1,100.0,0,0.0,0.0,0.0,0,1,0,0,1
Marquinhos,br BRA,MF,Arsenal,19,2003,0.0,2,3,66.7,34,5,1,2,50.0,1,1,100.0,0,0,,0,0.0,0.0,0.0,0,0,0,0,0
Anthony Martial,fr FRA,FW,Manchester Utd,26,1995,10.9,263,328,80.2,3259,910,173,198,87.4,61,73,83.6,9,14,64.3,2,1.4,1.4,0.6,12,14,13,0,35
Martinelli,br BRA,FW,Arsenal,21,2001,31.0,833,1107,75.2,12960,2610,447,527,84.8,295,356,82.9,61,123,49.6,5,9.1,7.0,-4.1,59,33,43,10,94
Emiliano Martínez,ar ARG,GK,Aston Villa,29,1992,34.9,1026,1388,73.9,27095,17857,218,219,99.5,520,527,98.7,286,633,45.2,0,0.3,0.3,-0.3,2,21,0,0,0
Lisandro Martínez,ar ARG,DF,Manchester Utd,24,1998,23.5,1330,1528,87.0,23895,8188,532,568,93.7,683,728,93.8,96,193,49.7,0,0.3,1.0,-0.3,6,92,5,0,83
Pape Matar Sarr,sn SEN,"MF,FW",Tottenham,19,2002,2.4,141,154,91.6,2130,449,70,73,95.9,62,65,95.4,3,8,37.5,1,0.3,0.0,0.7,2,9,0,0,13
Jean-Philippe Mateta,fr FRA,FW,Crystal Palace,25,1997,8.6,104,149,69.8,1196,155,70,92,76.1,19,28,67.9,4,5,80.0,0,0.6,0.2,-0.6,5,4,1,1,6
Joël Matip,cm CMR,DF,Liverpool,30,1991,12.1,766,885,86.6,13750,4547,305,349,87.4,395,428,92.3,57,85,67.1,0,0.3,0.4,-0.3,4,53,7,0,59
Neal Maupay,fr FRA,FW,Everton,25,1996,12.4,190,253,75.1,2500,217,125,151,82.8,49,63,77.8,7,9,77.8,0,0.6,0.3,-0.6,7,8,2,0,11
Kevin Mbabu,ch SUI,"DF,FW",Fulham,27,1995,1.6,68,94,72.3,1051,383,40,43,93.0,24,35,68.6,4,9,44.4,1,0.4,0.4,0.6,2,4,5,3,8
Bryan Mbeumo,cm CMR,FW,Brentford,22,1999,32.3,655,991,66.1,10466,3238,376,456,82.5,185,287,64.5,71,151,47.0,8,7.6,5.6,0.4,51,37,45,13,88
James McArthur,sct SCO,MF,Crystal Palace,34,1987,0.6,41,52,78.8,596,129,24,29,82.8,16,18,88.9,1,3,33.3,0,0.0,0.0,0.0,0,0,0,0,1
Alex McCarthy,eng ENG,GK,Southampton,32,1989,6.0,150,249,60.2,3585,2452,45,47,95.7,64,66,97.0,40,132,30.3,0,0.0,0.0,0.0,0,5,0,0,0
John McGinn,sct SCO,"MF,FW",Aston Villa,27,1994,29.9,805,1028,78.3,14385,4830,374,430,87.0,309,373,82.8,101,165,61.2,3,2.6,3.3,0.4,18,114,20,5,140
Scott McKenna,sct SCO,DF,Nott'ham Forest,25,1996,17.5,569,727,78.3,11331,4319,163,195,83.6,334,394,84.8,66,122,54.1,0,1.0,0.4,-1.0,8,35,3,1,35
Weston McKennie,us USA,MF,Leeds United,23,1998,16.0,472,628,75.2,7648,2686,246,302,81.5,154,197,78.2,47,79,59.5,1,0.7,0.5,0.3,13,50,15,3,82
Dwight McNeil,eng ENG,"FW,MF",Everton,22,1999,27.8,656,987,66.5,11288,3797,335,391,85.7,208,278,74.8,87,212,41.0,3,6.1,5.4,-3.1,49,45,27,14,69
Scott McTominay,sct SCO,MF,Manchester Utd,25,1996,12.9,355,432,82.2,5433,1549,194,224,86.6,122,141,86.5,25,36,69.4,0,0.6,1.0,-0.6,8,32,5,1,33
Ben Mee,eng ENG,DF,Brentford,32,1989,36.3,1348,1761,76.5,25834,10693,520,609,85.4,648,784,82.7,169,316,53.5,1,1.3,0.8,-0.3,8,86,7,1,84
Edouard Mendy,sn SEN,GK,Chelsea,30,1992,9.5,233,289,80.6,5287,3583,79,79,100.0,97,98,99.0,53,108,49.1,0,0.0,0.0,0.0,0,4,0,0,0
Nampalys Mendy,sn SEN,MF,Leicester City,30,1992,8.4,362,413,87.7,5580,1124,189,204,92.6,143,156,91.7,20,27,74.1,0,0.0,0.1,0.0,2,20,3,0,28
Chris Mepham,wls WAL,DF,Bournemouth,24,1997,24.4,870,1041,83.6,16273,5694,309,346,89.3,478,525,91.0,75,142,52.8,0,0.2,0.6,-0.2,4,42,2,0,42
Illan Meslier,fr FRA,GK,Leeds United,22,2000,34.0,664,1039,63.9,16770,10937,144,148,97.3,354,359,98.6,162,523,31.0,0,0.0,0.0,0.0,0,13,1,0,0
Alexander Mighten,eng ENG,FW,Nott'ham Forest,20,2002,0.1,1,1,100.0,11,0,1,1,100.0,0,0,,0,0,,0,0.0,0.0,0.0,0,0,0,0,0
Lewis Miley,eng ENG,MF,Newcastle Utd,16,2006,0.2,5,6,83.3,49,6,3,4,75.0,1,1,100.0,0,0,,0,0.0,0.0,0.0,0,0,0,0,0
Luka Milivojević,rs SRB,MF,Crystal Palace,31,1991,5.7,207,260,79.6,3587,1136,89,101,88.1,89,107,83.2,20,37,54.1,0,0.2,0.2,-0.2,2,17,2,1,20
James Milner,eng ENG,"MF,DF",Liverpool,36,1986,10.1,563,727,77.4,9891,3403,261,291,89.7,238,279,85.3,52,112,46.4,1,0.9,1.6,0.1,13,61,15,5,70
Yerry Mina,co COL,DF,Everton,27,1994,6.6,286,325,88.0,4935,1808,117,125,93.6,146,161,90.7,17,27,63.0,0,0.1,0.2,-0.1,1,15,1,0,13
Tyrone Mings,eng ENG,DF,Aston Villa,29,1993,35.0,1617,1899,85.2,30932,11677,532,586,90.8,913,984,92.8,153,286,53.5,2,1.4,0.9,0.6,5,106,6,0,111
Tyrick Mitchell,eng ENG,DF,Crystal Palace,22,1999,32.1,1152,1607,71.7,18235,8262,600,710,84.5,483,635,76.1,53,169,31.4,2,1.2,1.2,0.8,15,90,21,9,106
Kaoru Mitoma,jp JPN,"FW,MF",Brighton,25,1997,25.8,780,977,79.8,10673,2356,507,570,88.9,214,268,79.9,30,53,56.6,5,6.4,4.9,-1.4,41,45,28,1,90
Aleksandar Mitrović,rs SRB,FW,Fulham,27,1994,22.3,299,496,60.3,4671,970,172,257,66.9,85,132,64.4,31,52,59.6,1,2.3,1.3,-1.3,16,26,10,1,44
Kieffer Moore,wls WAL,FW,Bournemouth,29,1992,14.2,212,360,58.9,2944,495,119,193,61.7,62,95,65.3,11,20,55.0,0,0.3,0.5,-0.3,5,16,6,0,23
Andrew Moran,ie IRL,FW,Brighton,18,2003,0.1,1,2,50.0,13,0,1,1,100.0,0,1,0.0,0,0,,0,0.0,0.0,0.0,0,0,0,0,0
Álex Moreno,es ESP,DF,Aston Villa,29,1993,14.8,581,745,78.0,8535,2588,319,373,85.5,217,267,81.3,24,42,57.1,3,3.0,2.6,0.0,22,15,30,14,37
Mason Mount,eng ENG,"MF,FW",Chelsea,23,1999,18.3,585,778,75.2,8688,2236,350,409,85.6,165,216,76.4,44,84,52.4,2,3.0,2.8,-1.0,30,55,27,5,98
Lucas Moura,br BRA,"MF,DF",Tottenham,29,1992,1.7,62,89,69.7,831,264,39,50,78.0,21,26,80.8,0,3,0.0,0,0.3,0.4,-0.3,4,3,5,1,13
João Moutinho,pt POR,MF,Wolves,35,1986,19.8,850,1057,80.4,15648,4124,323,362,89.2,412,480,85.8,91,147,61.9,2,2.6,1.9,-0.6,36,105,23,4,132
Divin Mubama,eng ENG,FW,West Ham,17,2004,0.4,5,8,62.5,108,37,2,2,100.0,2,4,50.0,1,1,100.0,0,0.0,0.0,0.0,1,0,0,0,0
Mykhailo Mudryk,ua UKR,"FW,MF",Chelsea,21,2001,7.3,161,216,74.5,2112,668,104,126,82.5,35,48,72.9,9,23,39.1,2,0.9,1.2,1.1,10,10,10,0,20
Jacob Murphy,eng ENG,FW,Newcastle Utd,27,1995,13.9,296,448,66.1,4516,1252,177,219,80.8,89,131,67.9,18,40,45.0,2,2.8,3.1,-0.8,19,20,26,4,57
Enock Mwepu,zm ZAM,"FW,MF",Brighton,24,1998,2.4,61,78,78.2,819,126,42,50,84.0,15,17,88.2,3,5,60.0,1,0.5,0.2,0.5,3,5,2,0,6
Vitaliy Mykolenko,ua UKR,DF,Everton,23,1999,29.5,966,1292,74.8,15199,5874,509,585,87.0,365,477,76.5,63,147,42.9,0,1.2,0.9,-1.2,19,84,21,11,100
Keylor Navas,cr CRC,GK,Nott'ham Forest,35,1986,17.0,306,534,57.3,10310,8282,29,29,100.0,136,137,99.3,141,363,38.8,0,0.0,0.0,0.0,0,7,0,0,1
Wilfred Ndidi,ng NGA,MF,Leicester City,25,1996,18.7,754,899,83.9,11486,2879,392,429,91.4,304,348,87.4,31,67,46.3,0,0.1,0.2,-0.1,3,49,0,0,51
Reiss Nelson,eng ENG,FW,Arsenal,22,1999,2.4,101,120,84.2,1331,213,62,69,89.9,29,34,85.3,4,7,57.1,2,1.4,1.0,0.6,9,3,4,2,6
Neto,br BRA,GK,Bournemouth,33,1989,26.5,521,833,62.5,15893,12592,109,111,98.2,194,201,96.5,211,513,41.1,0,0.0,0.0,0.0,0,14,2,0,0
Pedro Neto,pt POR,"FW,MF",Wolves,22,2000,10.7,284,384,74.0,4517,1035,165,186,88.7,83,118,70.3,27,54,50.0,0,2.1,1.6,-2.1,20,13,9,4,24
Rúben Neves,pt POR,MF,Wolves,25,1997,33.5,1730,2106,82.1,36646,10039,578,635,91.0,824,926,89.0,312,474,65.8,1,1.6,1.5,-0.6,32,202,15,1,218
Moussa Niakhate,sn SEN,DF,Nott'ham Forest,26,1996,12.9,265,391,67.8,5245,2626,94,103,91.3,129,183,70.5,39,90,43.3,0,0.1,0.2,-0.1,1,16,0,0,15
Rasmus Nissen,dk DEN,DF,Leeds United,25,1997,21.8,740,1044,70.9,12326,5355,364,435,83.7,310,410,75.6,52,134,38.8,1,1.0,0.9,0.0,9,63,16,2,89
Eddie Nketiah,eng ENG,FW,Arsenal,23,1999,12.1,205,255,80.4,2894,350,131,151,86.8,58,69,84.1,9,12,75.0,1,1.3,1.3,-0.3,9,9,6,0,15
Matheus Nunes,pt POR,MF,Wolves,23,1998,27.4,818,1028,79.6,15035,2954,387,451,85.8,290,339,85.5,119,173,68.8,1,2.2,1.3,-1.2,27,70,19,7,84
Darwin Núñez,uy URU,FW,Liverpool,23,1999,18.8,258,401,64.3,3922,852,130,184,70.7,80,117,68.4,21,30,70.0,3,5.4,2.8,-2.4,28,11,12,1,29
Ethan Nwaneri,eng ENG,FW,Arsenal,15,2007,0.0,0,0,,0,0,0,0,,0,0,,0,0,,0,0.0,0.0,0.0,0,0,0,0,0
Christian Nørgaard,dk DEN,MF,Brentford,28,1994,19.6,608,812,74.9,9879,3427,304,369,82.4,252,326,77.3,40,74,54.1,3,3.1,1.8,-0.1,12,68,8,2,73
Lewis O'Brien,eng ENG,MF,Nott'ham Forest,23,1998,6.5,166,214,77.6,2785,650,72,85,84.7,84,103,81.6,7,16,43.8,0,0.2,0.2,-0.2,4,19,3,0,21
Odeluga Offiah,eng ENG,DF,Brighton,19,2002,0.3,24,30,80.0,347,47,14,17,82.4,9,12,75.0,1,1,100.0,0,0.0,0.0,0.0,0,2,1,0,1
Angelo Ogbonna,it ITA,DF,West Ham,34,1988,13.7,332,415,80.0,6299,2059,100,120,83.3,190,217,87.6,32,62,51.6,0,0.2,0.1,-0.2,3,8,1,0,11
Michael Olise,fr FRA,"FW,MF",Crystal Palace,20,2001,30.5,985,1420,69.4,16792,5022,518,601,86.2,328,444,73.9,115,273,42.1,11,8.7,6.4,2.3,72,72,53,16,133
Robin Olsen,se SWE,GK,Aston Villa,32,1990,3.1,74,131,56.5,2049,1522,17,18,94.4,30,30,100.0,27,80,33.8,0,0.0,0.0,0.0,0,2,0,0,0
Amadou Onana,be BEL,MF,Everton,20,2001,27.6,816,980,83.3,13145,3007,420,481,87.3,310,354,87.6,60,86,69.8,2,2.6,1.7,-0.6,22,77,11,0,79
Josh Onomah,eng ENG,MF,Fulham,25,1997,0.2,4,6,66.7,54,0,3,3,100.0,1,1,100.0,0,0,,0,0.0,0.0,0.0,0,0,0,0,0
Paul Onuachu,ng NGA,FW,Southampton,28,1994,4.5,55,91,60.4,757,157,35,51,68.6,10,20,50.0,5,7,71.4,0,0.1,0.1,-0.1,4,4,2,0,7
Frank Onyeka,ng NGA,MF,Brentford,24,1998,9.4,193,257,75.1,2989,784,106,129,82.2,70,88,79.5,9,17,52.9,2,0.6,0.8,1.4,7,23,6,0,28
Mislav Oršić,hr CRO,MF,Southampton,29,1992,0.1,2,3,66.7,16,0,2,2,100.0,0,0,,0,1,0.0,0,0.0,0.0,0.0,0,0,0,0,0
Stefan Ortega,de GER,GK,Manchester City,29,1992,3.0,145,167,86.8,3008,1895,57,58,98.3,61,62,98.4,27,46,58.7,0,0.0,0.0,0.0,0,1,0,0,0
Dango Ouattara,bf BFA,"MF,FW",Bournemouth,20,2002,13.8,210,334,62.9,3297,1069,118,157,75.2,68,105,64.8,16,37,43.2,3,2.5,1.6,0.5,18,20,17,8,23
Alex Oxlade-Chamberlain,eng ENG,"FW,MF",Liverpool,28,1993,3.7,75,106,70.8,1253,347,39,45,86.7,24,34,70.6,8,14,57.1,0,0.9,0.2,-0.9,5,8,2,0,14
David Ozoh,,FW,Crystal Palace,17,2005,0.0,3,3,100.0,24,0,3,3,100.0,0,0,,0,0,,0,0.0,0.0,0.0,0,0,0,0,0
João Palhinha,pt POR,MF,Fulham,27,1995,34.5,1051,1274,82.5,18222,4336,527,600,87.8,396,462,85.7,107,157,68.2,0,0.4,0.4,-0.4,7,118,3,0,101
Cole Palmer,eng ENG,"MF,FW",Manchester City,20,2002,4.1,167,193,86.5,2377,369,100,105,95.2,51,62,82.3,6,11,54.5,1,0.6,0.5,0.4,5,8,7,1,13
Emerson Palmieri,it ITA,DF,West Ham,27,1994,14.7,572,729,78.5,7910,2912,367,400,91.8,155,195,79.5,30,74,40.5,0,0.9,0.8,-0.9,13,37,11,4,45
Lucas Paquetá,br BRA,MF,West Ham,24,1997,23.9,907,1157,78.4,14158,4393,476,559,85.2,324,394,82.2,68,104,65.4,3,2.5,2.6,0.5,32,98,30,3,147
Thomas Partey,gh GHA,MF,Arsenal,29,1993,27.6,1731,1985,87.2,30132,9207,804,876,91.8,712,801,88.9,178,240,74.2,0,1.5,2.4,-1.5,26,231,24,2,231
Nathan Patterson,sct SCO,"DF,MF",Everton,20,2001,14.2,488,649,75.2,7279,2596,284,315,90.2,172,230,74.8,22,67,32.8,0,0.4,0.7,-0.4,6,21,10,4,24
Ben Pearson,eng ENG,MF,Bournemouth,27,1995,3.2,108,134,80.6,1814,501,50,58,86.2,45,55,81.8,8,15,53.3,0,0.0,0.0,0.0,0,8,0,0,5
Facundo Pellistri,uy URU,"FW,MF",Manchester Utd,20,2001,0.7,15,16,93.8,180,17,8,9,88.9,5,5,100.0,0,0,,0,0.0,0.0,0.0,0,1,0,0,1
Andreas Pereira,br BRA,MF,Fulham,26,1996,29.9,701,1068,65.6,13078,4235,336,419,80.2,229,315,72.7,116,251,46.2,6,5.2,4.1,0.8,60,86,22,9,121
Ricardo Pereira,pt POR,"DF,MF",Leicester City,28,1993,5.0,252,322,78.3,4024,1552,130,147,88.4,105,125,84.0,12,27,44.4,1,0.6,0.6,0.4,7,25,10,3,27
Ayoze Pérez,es ESP,"MF,FW",Leicester City,29,1993,4.2,118,171,69.0,1698,468,75,89,84.3,28,43,65.1,9,18,50.0,1,1.5,0.6,-0.5,11,13,6,0,20
Ivan Perišić,hr CRO,"DF,MF",Tottenham,33,1989,23.4,713,1121,63.6,12565,3575,357,443,80.6,249,389,64.0,91,210,43.3,8,6.1,5.2,1.9,48,29,36,24,61
Romain Perraud,fr FRA,DF,Southampton,24,1997,20.4,623,885,70.4,8776,3419,377,443,85.1,200,270,74.1,26,91,28.6,2,1.9,1.9,0.1,15,47,15,8,62
Máximo Perrone,ar ARG,MF,Manchester City,19,2003,0.2,18,21,85.7,228,32,11,12,91.7,5,5,100.0,0,0,,0,0.0,0.0,0.0,0,0,0,0,2
Cameron Peupion,au AUS,MF,Brighton,19,2002,0.1,3,4,75.0,33,1,3,4,75.0,0,0,,0,0,,0,0.0,0.0,0.0,0,0,0,0,0
Kalvin Phillips,eng ENG,MF,Manchester City,26,1995,3.3,289,313,92.3,5155,873,113,120,94.2,148,153,96.7,25,33,75.8,0,0.2,0.1,-0.2,3,32,0,0,18
Nathaniel Phillips,eng ENG,DF,Liverpool,25,1997,0.7,71,82,86.6,1364,602,32,34,94.1,27,29,93.1,9,14,64.3,0,0.0,0.0,0.0,0,7,0,0,9
Jordan Pickford,eng ENG,GK,Everton,28,1994,37.0,749,1312,57.1,25114,19603,158,159,99.4,242,247,98.0,342,892,38.3,1,0.1,0.4,0.9,2,57,1,0,2
Ethan Pinnock,jm JAM,DF,Brentford,29,1993,30.0,914,1149,79.5,16931,5712,333,391,85.2,480,559,85.9,84,160,52.5,0,1.0,1.1,-1.0,8,43,3,3,52
Daniel Podence,pt POR,"FW,MF",Wolves,26,1995,19.7,445,663,67.1,7362,2311,227,301,75.4,140,209,67.0,51,90,56.7,0,2.5,2.2,-2.5,36,35,39,7,95
Nick Pope,eng ENG,GK,Newcastle Utd,30,1992,36.2,614,890,69.0,17068,11723,121,122,99.2,275,283,97.2,212,478,44.4,0,0.1,0.0,-0.1,2,13,0,0,1
Pedro Porro,es ESP,"DF,MF",Tottenham,22,1999,12.6,465,648,71.8,7553,2604,241,272,88.6,168,221,76.0,43,98,43.9,3,3.0,2.3,0.0,25,28,23,14,39
Dennis Praet,be BEL,"MF,FW",Leicester City,28,1994,7.2,200,270,74.1,2897,680,117,138,84.8,62,77,80.5,13,27,48.1,0,0.5,0.4,-0.5,3,10,5,1,17
Isaac Price,nir NIR,MF,Everton,18,2003,0.4,12,14,85.7,203,44,6,7,85.7,5,6,83.3,1,1,100.0,0,0.1,0.0,-0.1,1,1,0,0,1
Christian Pulisic,us USA,"FW,DF",Chelsea,23,1998,9.1,238,301,79.1,3262,556,154,177,87.0,66,84,78.6,10,18,55.6,1,0.7,0.4,0.3,12,14,3,1,23
Aaron Ramsdale,eng ENG,GK,Arsenal,24,1998,38.0,761,1111,68.5,18974,13109,190,196,96.9,383,390,98.2,186,519,35.8,0,0.0,0.0,0.0,0,30,2,0,8
Jacob Ramsey,eng ENG,"MF,FW",Aston Villa,21,2001,29.3,728,889,81.9,10240,2665,444,500,88.8,217,266,81.6,34,46,73.9,7,5.1,2.9,1.9,42,67,28,4,98
Marcus Rashford,eng ENG,FW,Manchester Utd,24,1997,32.0,627,817,76.7,8886,2180,409,480,85.2,146,187,78.1,41,64,64.1,5,3.4,2.8,1.6,30,38,53,2,88
David Raya,es ESP,GK,Brentford,26,1995,38.0,1054,1640,64.3,34961,26954,131,135,97.0,463,473,97.9,459,1026,44.7,0,0.1,0.2,-0.1,2,75,3,0,13
Tim Ream,us USA,DF,Fulham,34,1987,32.2,1662,1922,86.5,35620,12543,420,472,89.0,961,1035,92.9,267,379,70.4,0,0.1,0.3,-0.1,3,148,0,0,142
Nathan Redmond,eng ENG,DF,Southampton,28,1994,0.0,0,1,0.0,0,0,0,0,,0,1,0.0,0,0,,0,0.0,0.0,0.0,0,0,0,0,0
Harrison Reed,eng ENG,MF,Fulham,27,1995,31.8,988,1281,77.1,15467,3661,517,612,84.5,355,421,84.3,76,133,57.1,4,4.1,2.0,-0.1,35,82,29,11,102
Bobby Reid,jm JAM,"FW,DF",Fulham,29,1993,27.5,636,907,70.1,9625,3067,341,416,82.0,226,319,70.8,34,81,42.0,1,1.7,1.6,-0.7,19,36,38,10,63
Declan Rice,eng ENG,MF,West Ham,23,1999,36.4,1846,2135,86.5,33652,9456,850,944,90.0,735,789,93.2,223,324,68.8,1,3.2,1.9,-2.2,37,233,13,3,240
Chris Richards,us USA,DF,Crystal Palace,22,2000,5.0,169,203,83.3,3129,991,66,79,83.5,84,96,87.5,19,27,70.4,0,0.3,0.0,-0.3,1,15,0,0,14
Richarlison,br BRA,"MF,FW",Tottenham,25,1997,11.2,196,279,70.3,2927,700,109,145,75.2,60,82,73.2,13,18,72.2,3,2.2,1.5,0.8,16,16,10,3,28
Jaïro Riedewald,nl NED,"DF,MF",Crystal Palace,25,1996,0.7,34,45,75.6,467,137,21,24,87.5,13,17,76.5,0,2,0.0,0,0.0,0.0,0.0,0,2,0,0,1
Matt Ritchie,sct SCO,"FW,MF",Newcastle Utd,32,1989,0.4,24,31,77.4,342,88,16,16,100.0,4,6,66.7,3,4,75.0,0,0.1,0.0,-0.1,1,0,0,0,1
Andrew Robertson,sct SCO,DF,Liverpool,28,1994,28.7,1803,2265,79.6,30554,9527,855,943,90.7,786,938,83.8,137,286,47.9,8,6.1,6.5,1.9,52,121,33,14,166
Antonee Robinson,us USA,DF,Fulham,24,1997,34.3,1404,1910,73.5,24327,9684,625,725,86.2,612,792,77.3,137,294,46.6,1,1.3,1.8,-0.3,21,104,42,25,129
Joel Robles,es ESP,GK,Leeds United,32,1990,4.0,63,122,51.6,2048,1611,6,6,100.0,26,27,96.3,31,89,34.8,0,0.0,0.0,0.0,0,2,0,0,0
Marc Roca,es ESP,MF,Leeds United,25,1996,25.7,978,1295,75.5,16572,6565,495,575,86.1,359,450,79.8,94,201,46.8,2,2.9,2.6,-0.9,33,157,17,2,172
Marek Rodák,sk SVK,GK,Fulham,25,1996,2.0,29,61,47.5,1170,1037,3,3,100.0,8,9,88.9,17,48,35.4,0,0.0,0.0,0.0,0,0,0,0,0
Rodri,es ESP,MF,Manchester City,26,1996,32.3,2723,2987,91.2,49949,11936,1103,1187,92.9,1278,1369,93.4,300,354,84.7,6,4.1,3.5,1.9,32,265,33,3,260
Rodrigo,es ESP,"FW,MF",Leeds United,31,1991,21.5,389,550,70.7,5651,1138,219,277,79.1,110,158,69.6,32,56,57.1,1,1.8,1.3,-0.8,16,23,17,5,44
Mads Roerslev,dk DEN,DF,Brentford,23,1999,12.3,194,303,64.0,2980,1071,110,143,76.9,62,84,73.8,15,44,34.1,0,1.2,0.8,-1.2,8,15,7,5,19
Cristian Romero,ar ARG,DF,Tottenham,24,1998,26.3,1407,1606,87.6,25378,9085,562,618,90.9,698,746,93.6,119,176,67.6,1,1.2,1.0,-0.2,8,87,8,0,92
Oriol Romeu,es ESP,MF,Southampton,30,1991,0.8,28,30,93.3,453,79,10,11,90.9,15,16,93.8,2,2,100.0,0,0.0,0.2,0.0,0,0,2,0,4
Cristiano Ronaldo,pt POR,FW,Manchester Utd,37,1985,5.8,121,162,74.7,1412,258,85,97,87.6,27,39,69.2,1,5,20.0,0,0.4,0.2,-0.4,6,7,1,0,12
Connor Ronan,ie IRL,MF,Wolves,24,1998,0.0,3,4,75.0,37,18,2,2,100.0,1,2,50.0,0,0,,0,0.0,0.0,0.0,0,3,0,0,0
Salomón Rondón,ve VEN,FW,Everton,32,1989,1.2,22,29,75.9,203,35,15,21,71.4,3,3,100.0,0,0,,0,0.2,0.1,-0.2,2,2,1,0,1
Joe Rothwell,eng ENG,MF,Bournemouth,27,1995,11.3,385,457,84.2,6524,1662,179,196,91.3,154,165,93.3,36,68,52.9,1,1.0,1.5,0.0,8,34,11,1,33
Georginio Rutter,fr FRA,"FW,MF",Leeds United,20,2002,3.0,31,62,50.0,439,97,19,33,57.6,9,16,56.3,2,2,100.0,1,0.3,0.2,0.7,4,1,2,0,6
José Sá,pt POR,GK,Wolves,29,1993,36.0,837,1200,69.8,20499,13561,203,206,98.5,450,463,97.2,182,522,34.9,0,0.0,0.0,0.0,0,10,0,0,0
Marcel Sabitzer,at AUT,MF,Manchester Utd,28,1994,7.0,237,307,77.2,3577,1123,129,157,82.2,80,97,82.5,15,22,68.2,1,0.9,1.3,0.1,10,30,7,1,38
Allan Saint-Maximin,fr FRA,FW,Newcastle Utd,25,1997,12.4,316,447,70.7,5087,1599,169,209,80.9,106,154,68.8,29,41,70.7,5,4.6,2.8,0.4,31,23,35,4,69
Bukayo Saka,eng ENG,FW,Arsenal,20,2001,35.3,1054,1430,73.7,15405,3694,653,753,86.7,292,378,77.2,70,164,42.7,11,8.5,5.8,2.5,75,50,66,12,109
Mohamed Salah,eg EGY,FW,Liverpool,30,1992,36.6,902,1185,76.1,12538,3403,533,648,82.3,283,352,80.4,38,66,57.6,12,7.7,7.2,4.3,65,53,80,7,149
William Saliba,fr FRA,DF,Arsenal,21,2001,26.8,1698,1865,91.0,29692,11617,715,767,93.2,844,905,93.3,108,144,75.0,1,1.2,0.3,-0.2,6,111,3,0,99
Mohammed Salisu,gh GHA,DF,Southampton,23,1999,21.9,879,1196,73.5,16118,7370,360,412,87.4,426,538,79.2,86,209,41.1,1,0.6,0.5,0.4,7,80,7,4,82
Albert Sambi Lokonga,be BEL,MF,Arsenal,22,1999,2.2,132,140,94.3,2321,539,59,62,95.2,60,63,95.2,11,12,91.7,0,0.0,0.1,0.0,1,17,1,0,12
Albert Sambi Lokonga,be BEL,MF,Crystal Palace,22,1999,6.0,228,264,86.4,3763,1080,112,124,90.3,96,101,95.0,17,28,60.7,0,0.0,0.1,0.0,1,23,0,0,20
Davinson Sánchez,co COL,DF,Tottenham,26,1996,9.5,515,594,86.7,9178,2770,187,201,93.0,297,320,92.8,24,52,46.2,0,0.4,0.2,-0.4,2,35,1,1,35
Robert Sánchez,es ESP,GK,Brighton,24,1997,23.0,604,781,77.3,13655,8845,203,204,99.5,283,292,96.9,111,270,41.1,0,0.0,0.0,0.0,0,11,0,0,0
Jadon Sancho,eng ENG,"FW,MF",Manchester Utd,22,2000,18.7,647,776,83.4,7890,1794,450,504,89.3,140,164,85.4,15,26,57.7,3,5.0,4.1,-2.0,43,23,40,1,76
Morgan Sanson,fr FRA,MF,Aston Villa,27,1994,0.1,5,7,71.4,55,12,3,4,75.0,1,2,50.0,0,0,,0,0.0,0.0,0.0,0,0,0,0,1
Pablo Sarabia,es ESP,"FW,MF",Wolves,30,1992,8.5,252,365,69.0,3772,1260,151,176,85.8,66,92,71.7,22,59,37.3,0,0.8,0.8,-0.8,11,26,15,4,41
Jeremy Sarmiento,ec ECU,MF,Brighton,20,2002,2.0,53,67,79.1,694,191,32,38,84.2,16,19,84.2,1,2,50.0,1,0.2,0.3,0.8,2,4,5,1,11
Gianluca Scamacca,it ITA,FW,West Ham,23,1999,10.3,118,177,66.7,2014,378,63,85,74.1,31,52,59.6,17,21,81.0,0,0.7,0.5,-0.7,13,14,5,1,17
Gustavo Scarpa,br BRA,"MF,FW",Nott'ham Forest,28,1994,2.0,51,78,65.4,1112,454,16,19,84.2,26,31,83.9,8,18,44.4,0,0.0,0.0,0.0,1,10,0,0,12
Kevin Schade,de GER,FW,Brentford,20,2001,8.1,103,173,59.5,1282,285,62,89,69.7,29,51,56.9,1,6,16.7,1,1.1,0.8,-0.1,8,8,5,2,15
Fabian Schär,ch SUI,DF,Newcastle Utd,30,1991,35.6,1423,1846,77.1,29289,11775,480,560,85.7,734,851,86.3,199,386,51.6,3,3.3,2.1,-0.3,19,142,23,4,139
Jeffrey Schlupp,gh GHA,"MF,FW",Crystal Palace,29,1992,28.1,665,900,73.9,10562,2798,338,418,80.9,254,312,81.4,52,104,50.0,1,1.4,1.0,-0.4,18,59,11,0,98
Nélson Semedo,pt POR,DF,Wolves,28,1993,29.2,1211,1499,80.8,18149,6122,706,772,91.5,427,525,81.3,59,126,46.8,1,0.7,0.9,0.3,11,103,15,5,110
Antoine Semenyo,gh GHA,"FW,MF",Bournemouth,22,2000,2.9,38,57,66.7,543,153,24,33,72.7,11,13,84.6,2,4,50.0,0,0.1,0.0,-0.1,2,5,0,0,5
Marcos Senesi,ar ARG,DF,Bournemouth,25,1997,27.7,1064,1322,80.5,21380,9358,360,399,90.2,551,625,88.2,137,245,55.9,0,0.5,0.4,-0.5,5,86,4,1,66
Ryan Sessegnon,eng ENG,DF,Tottenham,22,2000,9.0,280,390,71.8,4093,1075,178,213,83.6,81,120,67.5,16,29,55.2,0,1.1,1.1,-1.1,6,16,11,3,22
Luke Shaw,eng ENG,DF,Manchester Utd,27,1995,28.4,1757,2098,83.7,27648,10568,962,1047,91.9,641,732,87.6,112,205,54.6,2,3.6,2.9,-1.6,34,169,28,14,140
Jonjo Shelvey,eng ENG,MF,Newcastle Utd,30,1992,0.4,19,26,73.1,442,176,5,6,83.3,8,10,80.0,4,8,50.0,0,0.0,0.0,0.0,0,4,0,0,3
Jonjo Shelvey,eng ENG,MF,Nott'ham Forest,30,1992,6.0,221,302,73.2,4761,1861,73,86,84.9,98,112,87.5,47,98,48.0,0,0.3,0.8,-0.3,6,37,8,2,34
Bernardo Silva,pt POR,"MF,FW",Manchester City,27,1994,24.5,1317,1543,85.4,20840,3604,717,771,93.0,462,529,87.3,92,149,61.7,5,3.3,4.0,1.7,31,76,35,11,130
Thiago Silva,br BRA,DF,Chelsea,37,1984,26.1,1856,2042,90.9,34995,13939,678,718,94.4,993,1035,95.9,172,258,66.7,2,0.5,1.0,1.5,5,115,13,0,104
Ellis Simms,eng ENG,FW,Everton,21,2001,2.5,38,62,61.3,505,105,20,31,64.5,9,17,52.9,3,3,100.0,0,0.1,0.4,-0.1,2,3,1,0,4
Luis Sinisterra,co COL,FW,Leeds United,23,1999,9.6,273,339,80.5,3710,993,161,188,85.6,72,84,85.7,14,19,73.7,0,0.4,0.9,-0.4,9,18,17,2,39
Oliver Skipp,eng ENG,MF,Tottenham,21,2000,16.6,660,772,85.5,10674,2639,326,354,92.1,270,300,90.0,42,63,66.7,0,0.6,0.4,-0.6,10,52,7,1,56
Adam Smith,eng ENG,DF,Bournemouth,31,1991,32.7,953,1264,75.4,16233,6898,450,513,87.7,398,501,79.4,88,194,45.4,1,1.3,1.5,-0.3,16,70,28,19,83
Emile Smith Rowe,eng ENG,"MF,FW",Arsenal,22,2000,1.9,74,85,87.1,1070,240,44,48,91.7,24,28,85.7,5,6,83.3,2,0.7,0.6,1.3,6,3,4,0,7
Cédric Soares,pt POR,DF,Arsenal,30,1991,0.3,19,24,79.2,257,54,10,10,100.0,8,10,80.0,0,3,0.0,0,0.0,0.0,0.0,0,0,0,0,3
Cédric Soares,pt POR,DF,Fulham,30,1991,2.2,143,186,76.9,2394,686,72,78,92.3,57,68,83.8,13,31,41.9,0,0.3,0.2,-0.3,2,13,4,3,12
Dominic Solanke,eng ENG,"FW,MF",Bournemouth,24,1997,31.8,363,533,68.1,4673,1106,225,294,76.5,101,135,74.8,14,24,58.3,7,3.9,2.4,3.1,21,22,17,1,47
Manor Solomon,il ISR,FW,Fulham,23,1999,6.4,175,207,84.5,2474,575,104,117,88.9,57,62,91.9,7,11,63.6,0,0.4,0.7,-0.4,6,5,8,1,24
Tomáš Souček,cz CZE,MF,West Ham,27,1995,31.3,709,994,71.3,11602,3417,360,476,75.6,255,338,75.4,66,106,62.3,3,1.9,1.1,1.1,15,67,11,6,88
Boubakary Soumaré,fr FRA,MF,Leicester City,23,1999,18.1,776,902,86.0,11579,3059,429,470,91.3,276,314,87.9,39,57,68.4,0,0.4,0.5,-0.4,11,80,5,1,73
Harry Souttar,au AUS,DF,Leicester City,23,1998,11.0,448,555,80.7,8500,3295,145,160,90.6,265,303,87.5,34,76,44.7,1,0.2,0.1,0.8,3,39,1,0,29
Çağlar Söyüncü,tr TUR,DF,Leicester City,26,1996,5.9,241,309,78.0,4320,1537,104,115,90.4,112,136,82.4,22,48,45.8,0,0.1,0.0,-0.1,1,9,0,0,12
Djed Spence,eng ENG,"FW,DF",Tottenham,21,2000,0.1,5,9,55.6,60,4,4,5,80.0,1,1,100.0,0,0,,0,0.0,0.0,0.0,0,0,0,0,0
Jack Stacey,eng ENG,DF,Bournemouth,26,1996,3.3,74,130,56.9,1088,392,42,53,79.2,27,50,54.0,3,12,25.0,0,0.0,0.0,0.0,0,6,1,1,2
Junior Stanislas,eng ENG,MF,Bournemouth,32,1989,0.7,22,28,78.6,329,71,12,14,85.7,9,11,81.8,0,1,0.0,0,0.1,0.2,-0.1,2,3,0,0,4
Jay Stansfield,eng ENG,FW,Fulham,19,2002,1.0,9,23,39.1,82,32,7,8,87.5,1,7,14.3,0,3,0.0,0,0.1,0.0,-0.1,1,0,0,0,0
Jason Steele,eng ENG,GK,Brighton,31,1990,15.0,478,541,88.4,9705,6922,179,182,98.4,216,222,97.3,80,130,61.5,1,0.1,0.2,0.9,1,2,0,0,0
Jack Stephens,eng ENG,DF,Southampton,28,1994,0.5,23,28,82.1,398,107,9,10,90.0,13,17,76.5,1,1,100.0,0,0.0,0.0,0.0,0,3,0,0,3
Jack Stephens,eng ENG,DF,Bournemouth,28,1994,13.0,446,543,82.1,8713,3133,156,173,90.2,233,263,88.6,53,94,56.4,0,0.2,0.2,-0.2,3,37,3,2,34
Raheem Sterling,eng ENG,"FW,MF",Chelsea,27,1994,21.0,514,685,75.0,6522,1357,326,386,84.5,136,179,76.0,18,33,54.5,3,4.6,3.2,-1.6,34,26,31,9,59
John Stones,eng ENG,"DF,MF",Manchester City,28,1994,20.5,1453,1563,93.0,24351,6789,708,740,95.7,625,666,93.8,99,124,79.8,2,1.4,1.0,0.6,8,109,3,0,101
Pascal Struijk,nl NED,DF,Leeds United,22,1999,24.4,1046,1320,79.2,15839,6757,571,655,87.2,396,485,81.6,51,104,49.0,1,2.4,1.2,-1.4,14,90,13,4,119
Kamaldeen Sulemana,gh GHA,"FW,MF",Southampton,20,2002,10.7,189,265,71.3,2901,617,103,128,80.5,59,75,78.7,16,31,51.6,1,1.3,1.0,-0.3,14,11,10,1,36
Crysencio Summerville,nl NED,FW,Leeds United,20,2001,15.8,308,411,74.9,3839,1067,208,256,81.3,72,92,78.3,9,24,37.5,2,1.6,1.1,0.4,16,20,12,2,45
Sam Surridge,eng ENG,FW,Nott'ham Forest,24,1998,3.6,40,81,49.4,551,168,25,45,55.6,13,24,54.2,1,3,33.3,0,0.1,0.0,-0.1,1,4,0,0,6
Japhet Tanganga,eng ENG,DF,Tottenham,23,1999,1.6,82,92,89.1,1323,541,42,46,91.3,34,38,89.5,5,7,71.4,0,0.0,0.0,0.0,0,4,1,1,5
Matt Targett,eng ENG,DF,Newcastle Utd,26,1995,6.8,326,419,77.8,5291,2334,162,183,88.5,141,162,87.0,18,56,32.1,0,0.4,0.7,-0.4,10,19,5,0,43
James Tarkowski,eng ENG,DF,Everton,29,1992,38.0,1322,1633,81.0,26359,10115,448,512,87.5,693,794,87.3,167,297,56.2,1,2.9,1.9,-1.9,15,98,3,0,106
Marcus Tavernier,eng ENG,"MF,FW",Bournemouth,23,1999,19.4,510,724,70.4,8048,2431,285,339,84.1,165,225,73.3,40,100,40.0,4,2.9,1.3,1.1,19,34,16,5,56
Tetê,br BRA,FW,Leicester City,22,2000,8.2,186,258,72.1,3000,637,102,127,80.3,56,76,73.7,19,30,63.3,0,0.4,0.3,-0.4,6,16,4,1,26
Kenny Tete,nl NED,DF,Fulham,26,1995,28.5,1110,1530,72.5,17550,7197,598,691,86.5,403,563,71.6,81,165,49.1,5,1.9,1.9,3.1,23,75,25,18,103
Luke Thomas,eng ENG,DF,Leicester City,21,2001,11.9,521,654,79.7,8116,3439,291,329,88.4,194,238,81.5,32,57,56.1,0,0.7,0.5,-0.7,5,38,7,2,48
Youri Tielemans,be BEL,MF,Leicester City,25,1997,26.0,1303,1623,80.3,21370,7448,651,734,88.7,501,592,84.6,111,208,53.4,2,4.7,3.3,-2.7,30,169,28,7,181
Kieran Tierney,sct SCO,DF,Arsenal,25,1997,8.8,362,486,74.5,6636,2048,152,172,88.4,170,215,79.1,35,69,50.7,1,0.3,0.4,0.7,4,35,9,1,36
Harry Toffolo,eng ENG,DF,Nott'ham Forest,26,1995,10.4,242,387,62.5,3806,1892,136,166,81.9,92,148,62.2,11,47,23.4,0,0.8,0.9,-0.8,5,14,7,4,29
Takehiro Tomiyasu,jp JPN,DF,Arsenal,23,1998,7.4,384,474,81.0,6453,2036,173,200,86.5,171,199,85.9,30,56,53.6,1,0.6,0.2,0.4,4,41,6,2,51
James Tomkins,eng ENG,DF,Crystal Palace,33,1989,3.8,138,171,80.7,2645,822,47,55,85.5,79,87,90.8,12,27,44.4,0,0.0,0.0,0.0,0,2,0,0,2
Ivan Toney,eng ENG,FW,Brentford,26,1996,32.8,468,787,59.5,5947,2037,299,424,70.5,103,180,57.2,24,53,45.3,4,5.1,3.5,-1.1,27,54,26,5,79
Adama Traoré,es ESP,"FW,MF",Wolves,26,1996,16.6,325,494,65.8,4826,1228,198,264,75.0,85,129,65.9,25,46,54.3,1,3.7,3.2,-2.7,24,17,22,14,36
Bertrand Traoré,bf BFA,"FW,MF",Aston Villa,26,1995,2.6,59,75,78.7,868,258,36,40,90.0,18,21,85.7,3,5,60.0,0,0.1,0.1,-0.1,1,1,5,3,9
Boubacar Traoré,ml MLI,MF,Wolves,20,2001,4.6,118,149,79.2,1952,617,56,66,84.8,55,63,87.3,6,11,54.5,1,0.2,0.1,0.8,1,16,1,0,8
Mark Travers,ie IRL,GK,Bournemouth,23,1999,11.5,281,368,76.4,7963,5655,97,97,100.0,101,102,99.0,82,168,48.8,0,0.0,0.0,0.0,0,5,0,0,0
Kieran Trippier,eng ENG,DF,Newcastle Utd,31,1990,37.1,1995,2788,71.6,38118,16809,877,992,88.4,745,980,76.0,333,674,49.4,7,12.4,11.8,-5.4,110,182,97,26,260
Leandro Trossard,be BEL,FW,Arsenal,27,1994,10.3,347,452,76.8,5770,1501,165,191,86.4,133,158,84.2,35,59,59.3,10,4.7,3.9,5.3,22,20,30,5,57
Leandro Trossard,be BEL,"FW,MF",Brighton,27,1994,14.6,379,529,71.6,6222,1920,199,236,84.3,124,178,69.7,40,63,63.5,2,2.1,2.1,-0.1,23,42,25,7,67
Kostas Tsimikas,gr GRE,DF,Liverpool,26,1996,8.6,474,618,76.7,8379,2366,223,255,87.5,185,225,82.2,56,111,50.5,4,1.6,1.3,2.4,18,20,7,4,26
Deniz Undav,de GER,"FW,MF",Brighton,26,1996,7.0,122,164,74.4,1504,325,84,100,84.0,25,36,69.4,5,10,50.0,0,1.1,1.1,-1.1,8,8,3,0,10
Yan Valery,tn TUN,DF,Southampton,23,1999,0.5,15,23,65.2,213,39,9,10,90.0,4,6,66.7,1,5,20.0,0,0.0,0.0,0.0,0,1,0,0,0
Virgil van Dijk,nl NED,DF,Liverpool,31,1991,31.5,2345,2592,90.5,45523,16670,843,900,93.7,1236,1306,94.6,244,344,70.9,1,1.2,1.1,-0.2,7,156,6,0,127
Raphaël Varane,fr FRA,DF,Manchester Utd,29,1993,21.2,954,1106,86.3,17988,5712,319,355,89.9,551,597,92.3,72,128,56.3,0,0.2,0.5,-0.2,4,82,3,0,63
Jamie Vardy,eng ENG,FW,Leicester City,35,1987,20.6,137,263,52.1,1931,364,69,119,58.0,47,88,53.4,7,15,46.7,4,1.4,0.7,2.6,14,7,5,1,14
Joël Veltman,nl NED,DF,Brighton,30,1992,24.3,1261,1512,83.4,21830,7101,532,594,89.6,624,711,87.8,84,142,59.2,1,0.7,1.1,0.3,10,157,13,4,153
Fabio Vieira,pt POR,"MF,FW",Arsenal,22,2000,5.7,234,290,80.7,3557,834,129,142,90.8,84,99,84.8,9,25,36.0,2,2.5,1.4,-0.5,12,26,7,2,35
Matías Viña,uy URU,DF,Bournemouth,24,1997,5.1,140,185,75.7,2103,870,84,93,90.3,49,63,77.8,5,14,35.7,0,0.2,0.1,-0.2,2,10,4,0,17
Rúben Vinagre,pt POR,"DF,MF",Everton,23,1999,0.3,15,24,62.5,223,26,7,10,70.0,7,10,70.0,0,0,,0,0.0,0.0,0.0,0,2,0,0,0
Carlos Vinícius,br BRA,FW,Fulham,27,1995,12.3,119,189,63.0,1470,387,71,102,69.6,32,47,68.1,4,9,44.4,2,0.8,0.8,1.2,7,12,5,1,15
Theo Walcott,eng ENG,"FW,MF",Southampton,33,1989,12.5,180,262,68.7,2284,516,120,151,79.5,39,68,57.4,4,14,28.6,2,2.0,1.7,0.0,15,7,7,2,14
Kyle Walker,eng ENG,DF,Manchester City,32,1990,21.8,1661,1892,87.8,29177,8283,744,795,93.6,753,826,91.2,144,216,66.7,0,0.2,0.9,-0.2,6,189,10,4,162
Kyle Walker-Peters,eng ENG,DF,Southampton,25,1997,29.4,1019,1324,77.0,14866,5809,607,673,90.2,332,440,75.5,48,111,43.2,0,1.4,2.5,-1.4,15,71,28,9,97
Aaron Wan-Bissaka,eng ENG,DF,Manchester Utd,24,1997,15.9,706,840,84.0,9538,3292,448,483,92.8,194,240,80.8,28,44,63.6,0,1.0,0.9,-1.0,15,48,10,2,55
Danny Ward,wls WAL,GK,Leicester City,29,1993,26.0,708,945,74.9,16865,10488,197,199,99.0,352,355,99.2,158,383,41.3,0,0.0,0.0,0.0,0,7,0,0,0
Joel Ward,eng ENG,DF,Crystal Palace,32,1989,25.1,921,1223,75.3,14816,6577,460,531,86.6,375,464,80.8,57,157,36.3,0,0.4,0.8,-0.4,9,80,11,6,101
James Ward-Prowse,eng ENG,MF,Southampton,27,1994,37.5,1716,2176,78.9,28997,8717,834,922,90.5,687,809,84.9,153,342,44.7,4,6.2,5.3,-2.2,74,177,31,16,189
Ollie Watkins,eng ENG,FW,Aston Villa,26,1995,34.7,391,566,69.1,4682,840,261,344,75.9,84,122,68.9,12,15,80.0,6,3.8,2.7,2.2,31,23,16,2,39
Adam Webster,eng ENG,DF,Brighton,27,1995,22.1,1514,1715,88.3,27890,10260,565,612,92.3,811,886,91.5,125,178,70.2,0,0.2,0.4,-0.2,6,120,5,1,119
Wout Weghorst,nl NED,"FW,MF",Manchester Utd,29,1992,8.9,151,207,72.9,1773,457,95,121,78.5,31,40,77.5,5,13,38.5,1,1.2,1.2,-0.2,14,8,1,0,17
Danny Welbeck,eng ENG,FW,Brighton,31,1990,20.6,373,442,84.4,4456,872,244,275,88.7,92,106,86.8,5,11,45.5,3,4.3,1.7,-1.3,30,32,15,0,49
Ben White,eng ENG,DF,Arsenal,24,1997,33.9,1888,2242,84.2,31271,10700,893,974,91.7,851,972,87.6,107,205,52.2,5,3.2,3.7,1.8,26,226,42,12,249
Harvey White,eng ENG,MF,Tottenham,20,2001,0.1,3,8,37.5,54,21,2,3,66.7,0,2,0.0,1,3,33.3,0,0.0,0.0,0.0,0,0,1,1,0
Joseph Whitworth,eng ENG,GK,Crystal Palace,18,2004,2.0,61,83,73.5,1486,886,12,12,100.0,36,37,97.3,13,34,38.2,0,0.0,0.0,0.0,0,0,0,0,0
Neco Williams,wls WAL,DF,Nott'ham Forest,21,2001,20.9,533,840,63.5,9565,3461,254,307,82.7,196,286,68.5,68,177,38.4,0,1.4,1.2,-1.4,15,29,14,9,33
Willian,br BRA,FW,Fulham,33,1988,23.6,712,912,78.1,12115,2563,369,429,86.0,236,286,82.5,86,143,60.1,5,4.4,3.1,0.6,51,41,30,1,113
Joe Willock,eng ENG,MF,Newcastle Utd,22,1999,28.4,777,951,81.7,12123,3082,434,485,89.5,266,310,85.8,55,86,64.0,6,6.0,4.4,0.0,39,91,34,8,121
Callum Wilson,eng ENG,FW,Newcastle Utd,30,1992,20.9,160,242,66.1,1996,339,111,143,77.6,33,45,73.3,4,11,36.4,5,2.7,2.1,2.3,23,10,7,0,19
Harry Wilson,wls WAL,FW,Fulham,25,1997,12.2,310,404,76.7,4943,1086,163,192,84.9,105,127,82.7,25,46,54.3,3,0.9,1.0,2.1,12,20,13,1,37
Yoane Wissa,cd COD,FW,Brentford,25,1996,17.8,238,344,69.2,3147,601,164,198,82.8,51,78,65.4,10,27,37.0,3,2.5,1.0,0.5,13,21,8,0,27
Maximilian Wöber,at AUT,DF,Leeds United,24,1998,14.1,483,684,70.6,9430,4157,175,221,79.2,255,319,79.9,50,122,41.0,0,0.6,0.4,-0.6,6,63,3,2,54
Chris Wood,nz NZL,FW,Newcastle Utd,30,1991,5.0,66,106,62.3,786,149,40,67,59.7,16,25,64.0,4,5,80.0,0,0.3,0.3,-0.3,3,3,1,0,4
Chris Wood,nz NZL,FW,Nott'ham Forest,30,1991,4.1,43,71,60.6,581,139,26,43,60.5,14,22,63.6,1,2,50.0,0,0.2,0.1,-0.2,3,5,2,0,7
Joe Worrall,eng ENG,DF,Nott'ham Forest,25,1997,24.7,891,1157,77.0,18605,7188,265,322,82.3,475,560,84.8,143,250,57.2,0,0.8,0.6,-0.8,5,75,6,0,67
Granit Xhaka,ch SUI,MF,Arsenal,29,1992,33.3,1382,1632,84.7,22642,5919,675,762,88.6,552,635,86.9,113,139,81.3,7,5.2,4.0,1.8,47,148,40,4,196
Ryan Yates,eng ENG,MF,Nott'ham Forest,24,1997,20.4,455,592,76.9,7587,1812,204,248,82.3,205,237,86.5,32,61,52.5,2,1.2,0.4,0.8,7,26,4,1,43
Ashley Young,eng ENG,DF,Aston Villa,37,1985,22.6,897,1188,75.5,16006,6166,415,468,88.7,396,490,80.8,77,177,43.5,0,1.0,0.8,-1.0,14,82,18,5,107
Illia Zabarnyi,ua UKR,DF,Bournemouth,19,2002,3.3,184,200,92.0,3523,1083,55,58,94.8,115,121,95.0,14,20,70.0,0,0.0,0.0,0.0,0,13,0,0,11
Wilfried Zaha,ci CIV,"FW,MF",Crystal Palace,29,1992,25.4,502,650,77.2,7047,1594,322,370,87.0,148,185,80.0,18,37,48.6,2,2.7,3.0,-0.7,26,18,41,3,75
Denis Zakaria,ch SUI,MF,Chelsea,25,1996,4.6,158,179,88.3,2222,571,90,98,91.8,54,56,96.4,5,6,83.3,0,0.0,0.1,0.0,1,8,0,0,6
Jordan Zemura,zw ZIM,DF,Bournemouth,22,1999,16.2,423,594,71.2,6117,3247,242,284,85.2,133,187,71.1,23,55,41.8,1,1.9,2.1,-0.9,18,32,12,5,45
Oleksandr Zinchenko,ua UKR,DF,Arsenal,25,1996,23.5,1652,1911,86.4,27023,7899,808,876,92.2,696,798,87.2,105,148,70.9,2,1.4,2.4,0.6,19,201,41,4,227
Hakim Ziyech,ma MAR,"FW,MF",Chelsea,29,1993,7.3,258,400,64.5,4222,1570,148,169,87.6,82,133,61.7,24,66,36.4,3,2.2,1.5,0.8,14,20,19,7,42
Kurt Zouma,fr FRA,DF,West Ham,27,1994,22.1,701,831,84.4,13480,4437,247,271,91.1,363,407,89.2,79,129,61.2,0,0.1,0.1,-0.1,1,19,2,0,31
Martin Ødegaard,no NOR,MF,Arsenal,23,1998,34.7,1449,1804,80.3,22540,6014,759,873,86.9,518,617,84.0,110,175,62.9,7,8.1,7.9,-1.1,76,135,91,4,266
